x1,x2,x3,x4,x5,x6,x7,x8,x9,x10,x11,x12,y
17.714626,0.114204,-1.09457,-1.674187,0.421955,-0.901019,87.99059,2.7303,-0.3974,1.835396,-1.87739,-0.313455,6.616719
1.604832,-0.234925,2.151211,-1.302902,1.119646,1.26338,21.177401,0.809584,0.145037,-0.292356,1.353777,0.399385,-1.711183
2.353956,-0.948751,-2.696048,0.488483,0.954342,-0.53569,68.169841,3.227908,-0.177283,-1.396302,2.393848,-0.181742,34.475875
1.492629,-0.222766,-2.196672,1.791764,0.369471,1.98622,75.639736,1.099123,-0.290573,-0.34028,0.906264,-0.315103,32.47453
0.727872,-0.357165,-1.177114,0.537061,2.026939,0.540531,25.126134,3.085493,0.160244,1.585811,-0.195615,0.088959,15.220861
0.844077,-0.952582,-1.736245,1.679599,3.378656,0.71717,10.154334,0.158712,0.077304,-0.901422,-0.188591,0.212222,20.681495
1.034528,0.304246,0.449078,-0.746693,1.842923,-0.285911,9.460967,1.671227,-0.380738,-0.613198,-0.733185,0.395895,6.86565
0.305181,-0.764776,0.894977,1.032312,3.10491,-1.231703,77.361239,2.887599,-0.270112,1.063608,-2.846129,0.39267,20.311932
0.435498,-1.076142,-1.038071,-0.07466,1.196317,0.935141,59.582462,2.697219,-0.391676,-0.330211,0.03419,0.466975,-8.92551
0.976606,-1.937866,-0.854216,0.331365,3.444401,1.086322,12.199246,2.653331,-0.177576,1.926984,-1.208055,-0.349115,9.440866
0.135573,0.121768,-0.589705,1.404461,0.313432,-0.143479,8.594475,0.264195,-0.480105,1.524505,0.685665,-0.031702,25.788429
0.859479,1.371851,1.265626,1.480918,0.622541,-0.258385,62.42209,2.005182,-0.176067,0.360589,-0.30096,0.184688,22.607618
2.972258,-1.046872,-1.002872,0.20389,3.982199,0.083308,22.466009,2.61998,0.1433,-1.169079,-0.829864,-0.317726,5.635981
0.483185,-0.300344,-2.587818,-0.975022,0.104522,0.717719,1.891679,2.281309,-0.021689,0.788607,1.454611,-0.095744,-7.349233
0.340661,-1.245066,1.580761,1.064132,1.118088,-0.429944,35.062422,3.88786,0.121646,-1.645563,-0.743965,0.467189,19.655676
3.58256,-0.337692,-2.313393,0.488729,1.256363,0.718232,93.457835,3.627717,-0.434212,1.516977,0.475412,0.17463,32.588293
2.687344,1.514534,-2.745961,0.864848,0.501703,-1.439092,25.452614,1.365554,-0.032354,1.117795,0.810013,0.060083,2.792639
0.399539,0.414151,0.420128,-0.086838,1.518177,0.671374,96.951733,2.840233,0.261819,1.836087,-2.241528,0.193856,27.014747
1.581431,-0.124283,2.29043,-1.775875,0.205058,1.697504,47.002655,1.631301,0.077315,1.603718,-2.699792,0.282537,1.097103
1.048667,-0.113087,-2.476251,0.774219,0.071195,0.705813,61.244658,2.73632,-0.208518,1.345106,0.551793,0.203344,4.238455
0.440211,-1.932186,2.193635,1.771389,0.129164,-0.127715,56.602711,1.781638,-0.170463,-1.056018,-2.683885,0.162045,3.134818
0.521319,-0.051576,-0.487019,-1.31208,2.811983,-1.212606,10.425803,0.01938,0.277116,0.937507,-1.193134,0.276251,0.960197
0.638946,-2.011306,0.338464,-1.900206,2.041732,0.780628,89.707412,1.551639,0.153899,0.206229,1.193719,0.372285,-12.790952
0.345976,-0.594694,2.033662,1.436224,0.334012,-0.555079,7.017934,1.819548,-0.281874,1.379381,1.712625,0.448942,11.306267
1.172967,1.18684,-2.712361,-0.056886,0.353189,1.531943,81.664575,1.686895,-0.117727,1.377313,0.365427,-0.194333,10.40817
1.258325,-1.386588,-1.311749,1.657533,0.073727,-1.170996,40.073956,2.059109,-0.226269,1.906145,1.289502,0.123367,17.919515
1.029383,0.482805,-0.786813,-0.697527,3.767836,0.871849,31.832115,1.169577,0.047582,-0.551622,-0.083011,-0.008622,4.230153
3.798473,0.169473,-0.44575,1.430027,5.194087,0.758067,50.440262,2.386167,-0.38658,-0.941077,-1.068073,0.021974,19.588653
2.287491,-1.002222,1.275793,0.446852,0.125257,-0.972695,41.58186,0.661606,0.358609,-1.468341,1.012302,0.178296,9.362098
0.20317,-0.926661,-0.733846,-1.340534,0.723136,-0.948858,12.643457,0.271519,-0.124841,-1.167556,0.639119,0.255931,8.597211
0.155512,1.368599,1.233483,0.203736,1.003572,-0.961914,6.826218,3.291936,-0.333981,1.8221,-0.411542,-0.228266,18.355431
0.750378,-0.412734,-2.508539,-1.865622,0.768928,-0.016357,22.075273,0.043902,-0.497851,-0.216457,-0.339555,-0.242352,-4.548568
0.87743,0.016496,-1.905248,-1.077098,1.072633,1.285184,38.143212,0.471114,-0.198552,1.194028,0.206089,-0.417103,6.921814
1.246335,1.959828,2.906282,0.976973,3.878965,0.047907,35.932618,0.072046,-0.475661,0.373206,2.166138,-0.493358,2.579493
1.422001,-0.480484,-0.093687,0.897175,1.623262,-1.334598,50.540683,1.790808,-0.488448,0.278745,-0.652308,0.316224,-5.859231
2.195986,-1.205087,1.808345,0.140054,1.228768,-0.191527,97.653118,0.530859,0.153511,-1.648328,2.405814,0.15071,29.433385
2.031747,-1.273294,0.753042,-0.990704,1.70926,1.004294,62.179884,2.945542,-0.440875,0.353332,-2.720344,-0.34712,3.183847
8.977528,1.536739,-2.929084,-0.828093,0.250307,-0.712477,75.353393,3.594222,-0.025256,-1.174398,-2.562461,0.0072,11.446726
8.419369,2.325169,2.905754,1.109002,1.012274,0.182722,60.82906,2.994788,-0.233718,0.610488,-1.503905,-0.331777,26.243295
0.185551,1.323736,1.068064,0.965634,1.401017,1.38978,50.020769,1.889834,0.246126,-1.66188,2.691057,-0.03911,18.30603
1.960778,0.138227,0.920593,0.34884,0.58168,-0.912427,39.505334,3.023529,0.15533,-0.771172,-1.052278,0.07752,0.137074
0.201707,-0.092814,-2.719146,-1.896567,0.774962,-1.400145,57.945366,0.130207,-0.009659,1.716462,-1.428392,0.313616,-4.913625
1.629394,0.881079,1.293615,1.420982,0.601542,-0.805969,48.637695,3.086203,0.094962,0.002125,1.461083,0.009686,18.10472
0.408969,0.132822,0.754772,-1.71687,1.862556,0.178979,79.448287,2.33712,-0.392062,0.928928,1.968751,-0.451253,10.087517
0.475693,1.288557,-0.949177,1.754609,0.310087,0.014207,50.396224,1.477729,0.167099,-1.649944,-2.197574,-0.172616,24.609595
3.46957,0.435861,0.970952,0.273955,0.437388,1.806322,1.681014,2.366106,0.148194,0.51635,-2.786889,-0.021783,8.689818
10.43677,-0.45453,-0.67182,-0.548358,5.635139,0.473639,97.011277,2.920357,-0.130786,-1.107299,2.257679,-0.126357,14.103455
0.425859,0.962446,0.994267,-0.233491,9.427792,0.593012,81.496433,1.587735,0.305674,0.899949,-1.783584,0.022795,16.007351
0.339113,-1.065878,-1.349475,0.530148,0.494301,-0.71925,93.484709,0.911348,-0.023183,1.965718,2.899149,0.261569,13.961586
0.756758,-0.453111,1.404338,-0.48847,0.595129,-0.776098,50.924296,0.437532,0.48739,0.8873,2.932382,-0.265525,19.260351
0.472756,2.117518,-0.403627,1.143299,0.503122,0.141179,74.051062,3.1834,-0.472391,-1.147553,-0.033582,-0.449252,34.387752
0.37264,-1.032629,-2.264321,0.553281,2.394505,-0.254892,79.15278,3.131592,0.119026,0.47404,0.229568,0.070651,13.988128
0.287382,0.178964,0.230326,1.915409,1.057723,-1.677111,9.660658,0.47011,0.2769,1.12342,2.445901,-0.297196,34.506317
0.850432,1.06308,-2.777825,-0.913181,5.570203,0.547338,1.771054,0.670995,-0.172129,1.811672,-1.592962,-0.487517,13.343156
0.453454,0.589685,2.563426,-0.629663,1.147541,-0.196998,0.904747,1.821306,-0.475547,1.904616,-1.78534,-0.179876,0.0866
0.703474,-1.866085,1.535803,0.375137,4.092759,-1.84327,75.972772,1.240418,0.242798,-1.832427,-2.440779,0.066074,42.469987
1.536107,-1.560157,2.527508,1.590298,0.859041,0.134219,76.527212,1.211655,0.008286,1.418841,-1.886116,0.049731,43.943012
6.042608,-0.250547,-1.32696,-0.746994,0.321711,0.352131,79.35152,2.729286,-0.393449,0.066071,1.632975,-0.023005,9.612972
1.273626,-0.114568,0.785688,-1.673744,1.300983,-0.892548,27.00249,0.716341,-0.037251,-0.563308,1.201271,0.359726,-16.814656
1.54457,-1.897159,1.111689,0.298767,0.558776,1.332048,87.444072,0.98927,0.314366,-1.724909,-2.00224,0.499239,24.015851
0.849198,-0.358374,0.48065,1.107345,0.362107,-0.992507,44.569351,0.440317,0.114866,1.710976,-2.036447,0.239732,19.59003
0.585494,-1.304832,1.631706,-0.275231,0.946709,0.963985,80.54996,2.679945,0.214767,0.64363,-1.154477,0.159548,11.686528
1.200192,0.390516,-2.580211,-0.093606,0.116263,-1.814718,21.433307,1.212956,0.199744,1.952637,0.892347,-0.074589,9.728262
1.961022,-0.367207,-1.353443,1.055261,1.135317,-1.091986,24.18589,2.908475,-0.100467,-0.10899,2.411868,-0.001311,4.72148
1.028217,-1.349037,2.666288,1.97057,0.131214,-0.285037,62.368999,0.077694,0.111629,0.727354,1.135024,-0.425919,35.453872
0.221256,1.250521,0.316858,1.918019,2.756289,-1.335408,58.692009,1.245653,0.164053,1.190315,-1.459915,-0.200718,38.778683
3.167032,0.808929,-2.064991,-1.044888,0.649599,0.729511,68.713608,0.127146,0.042164,-1.696606,-0.709715,-0.447145,15.30343
0.593627,-1.190117,1.924883,0.55078,1.228923,-1.939237,78.367682,3.833903,-0.493669,-1.583075,0.680654,0.421378,13.204396
1.75305,0.586168,1.457135,0.728664,2.814919,-0.280321,98.76335,0.156996,0.473568,0.759938,1.814389,-0.229229,38.330368
0.312451,-0.363118,-1.6945,1.174831,0.073704,0.675842,62.668942,3.502651,0.198799,1.935804,-0.364595,0.23177,19.883634
1.928098,0.687159,2.475113,-1.200741,0.632259,-0.264371,54.710658,1.694693,0.22906,1.486743,-2.945103,-0.397591,6.065165
0.138039,-0.368315,1.469425,-1.818582,0.456901,0.038889,48.555658,2.337996,0.030004,-1.206868,0.066405,-0.224379,-0.219792
0.370282,-1.862247,1.819909,0.555341,0.550261,0.023351,57.182197,1.114197,0.441534,0.031973,-0.440961,-0.34482,18.470392
0.384294,-1.231495,-1.766652,0.446086,1.415396,0.017793,18.150081,2.156583,0.356955,-1.637424,2.604955,-0.205527,12.423427
0.480253,-1.451092,-1.664518,-0.88295,0.311747,-0.951912,82.459822,3.936676,-0.221715,-0.864768,2.450008,-0.365369,6.02098
3.223462,-0.421515,0.961846,-0.837237,1.017335,0.447898,23.177307,0.64152,0.157086,1.530533,-0.004721,0.363952,12.92037
1.233685,0.155489,2.049107,0.08736,2.231974,-0.797179,98.237998,3.470732,-0.115693,-0.176841,-1.244678,0.091929,26.113087
1.396231,0.480363,2.493661,0.625508,5.37078,-0.143221,48.257904,0.742806,0.448085,-1.02001,-2.968148,0.093814,14.511397
2.233853,0.438509,-1.165792,-1.04266,3.780012,1.208971,8.880796,2.375734,-0.332984,1.815534,2.583445,-0.02118,20.93758
0.567472,0.608087,2.205339,0.594093,2.571631,-0.289834,4.636811,2.104974,0.32226,-0.536746,-1.567574,0.161697,30.947405
2.512596,0.199093,-2.167278,-1.399089,0.636538,-1.431256,9.874182,3.115136,-0.480005,1.088933,0.529929,-0.084813,3.080575
1.218223,1.153396,-1.366122,1.484586,0.395959,-0.540161,86.074671,3.100406,0.144551,1.181209,-0.50602,0.484861,23.416642
0.070123,-0.808201,-0.258359,1.715048,1.381465,-0.863629,0.539976,1.711322,0.12593,0.254536,-1.250325,0.483887,13.62211
4.239483,-2.233402,1.556866,0.484193,1.593753,-0.048994,58.189126,2.148931,-0.31049,-1.254975,1.384345,-0.492863,16.819924
1.179942,0.446819,-0.532809,-1.657506,1.534576,-1.01777,51.383184,0.571655,0.119571,-0.67817,-0.055934,-0.3566,-10.39242
1.201741,-0.839293,-0.356074,1.211346,1.384648,-0.122644,46.100048,3.543177,0.056438,-1.072844,-0.425121,-0.377675,8.894407
2.201346,-0.185943,1.183637,-0.44317,0.311767,-0.193891,82.162611,0.527717,0.283577,0.751178,-1.328752,0.145794,10.581708
0.386107,0.536393,1.761939,-0.383063,1.109801,1.164683,74.479819,0.57415,-0.262994,-0.392275,-0.248526,-0.041645,13.17989
1.049491,-0.283402,2.439141,1.612334,4.669107,1.123311,56.120576,1.574902,-0.388789,-1.015748,2.676214,0.216162,13.4651
1.701343,0.818983,-1.119691,-1.994234,0.716634,-1.704621,11.209879,1.026517,0.241009,1.122544,-0.747706,0.310554,-24.480683
0.798524,-1.616001,-2.691371,-1.686583,3.7462,-0.058722,10.704426,1.950681,-0.453166,-0.57818,-2.653107,0.140934,12.574503
0.901037,-0.218449,-2.713638,-1.410586,0.577355,0.981213,6.314287,3.786992,0.390497,-1.982743,-1.711175,0.337784,-12.334838
0.579057,-0.137086,1.379934,-0.809324,0.745587,0.180973,92.046596,2.556797,-0.421183,1.979102,-0.11413,0.349248,13.253714
0.258323,0.30915,-2.546278,-0.728397,0.717571,-0.057397,40.207913,1.429779,-0.25644,1.051142,2.319207,-0.465871,9.360449
0.449389,0.367623,2.239908,-1.312199,1.418211,-0.339266,75.640297,3.750442,0.311272,-0.927756,0.568334,0.152883,15.458163
0.413075,0.253478,1.931452,-1.788664,0.966025,0.898539,88.223281,0.167552,-0.245738,-1.981791,2.589279,0.097543,5.946816
1.346274,1.598585,1.346344,1.039324,0.705058,-0.038937,69.051922,0.388429,0.038219,-0.96995,-2.589911,0.077309,22.711494
0.744555,-1.618781,-1.620242,1.904313,1.380698,0.261371,95.238902,2.551613,0.179301,0.694618,-0.489372,-0.495293,16.115067
0.210227,-0.867196,-0.454908,-1.171364,0.530999,-1.050863,29.7298,3.998821,0.287824,1.999163,0.899491,0.382223,9.179558
1.281789,0.344819,2.52872,1.479482,2.222353,-0.469006,68.400425,3.732294,0.246091,-1.920751,2.224792,0.325391,49.325963
1.193732,0.522137,-0.573092,-1.470466,3.379489,0.184447,92.749414,3.214969,0.121213,-0.571597,1.485711,-0.009347,11.621791
1.712645,-0.143055,1.089052,-1.153692,2.540043,-0.719173,56.668645,3.524406,0.368787,1.484592,0.616902,-0.407359,12.800275
1.614445,0.21282,1.573639,-1.085993,6.656247,-0.177651,93.683198,2.447969,-0.246087,1.772665,2.641844,-0.350147,34.101717
9.776025,1.355012,-0.667308,1.253509,2.310969,-0.522601,19.914152,1.192762,0.079473,0.188827,1.343806,0.196744,11.918722
3.495694,0.875561,0.709336,-1.31052,1.513065,-1.107066,43.849837,1.954082,0.380428,0.685899,-2.67529,0.204058,7.568785
2.19157,1.258277,0.607971,-0.77449,0.278684,1.447633,70.733285,0.196061,0.208193,-0.026,-2.047687,0.241088,23.639862
0.401524,1.205653,2.654624,0.247645,7.98963,1.157117,6.451757,1.505929,0.246155,1.196593,-0.15844,0.032012,23.723746
1.697677,0.121405,0.199211,-0.974569,0.847956,1.466192,44.494261,1.475552,-0.310845,0.326083,-1.413627,-0.253845,-1.728665
4.053857,-0.863034,-1.799054,1.44439,1.537093,-0.724772,78.521342,2.45351,-0.000606,-1.111611,-1.737732,0.481147,29.419682
0.400741,0.626632,-0.585365,1.746855,0.402262,-0.841994,91.892903,2.405868,0.014003,1.075412,2.477186,-0.018214,28.953231
1.013872,0.918857,-2.570893,1.914225,0.043603,-0.930501,10.88873,1.515638,0.420731,0.123966,2.815129,-0.318474,-17.169389
0.780387,-0.351114,0.140619,-0.384039,1.249795,-0.568653,72.887492,0.405736,-0.390509,0.598928,-0.392276,0.356822,16.2525
2.382701,0.899098,-2.516795,0.597431,0.969538,-1.724399,46.734259,1.687598,0.373507,1.082791,2.30889,0.311432,-4.340441
0.915854,-0.61161,-0.886346,0.94677,2.477916,0.240552,66.387331,2.850115,0.256398,0.208674,-2.473062,0.259102,11.810042
1.418681,-1.323686,-2.875187,-0.640216,0.142142,-1.123381,51.104706,1.748593,0.348005,1.020329,-2.299023,-0.353876,-20.117099
1.732043,-1.287494,2.920392,-0.138438,1.035829,-0.056191,91.481043,0.591658,0.270377,1.027309,-2.066439,-0.498953,19.492056
6.83469,0.585911,-2.53186,0.506024,4.012533,1.230699,66.266867,0.067278,-0.423842,0.772921,-2.245873,0.322613,29.911995
1.661018,1.735546,-0.813004,-0.431941,1.203653,-0.743951,77.156081,3.827042,0.377969,1.170849,-2.934065,0.301162,14.183414
1.593804,0.364681,0.395784,-1.753027,3.923827,0.844643,94.960781,1.242791,0.390735,-1.118904,-2.170548,0.106365,22.207143
0.111638,2.274738,1.927161,0.943776,3.535836,-0.18701,1.666087,3.643662,-0.330656,-0.683497,2.658531,-0.123084,5.83092
0.509304,0.038352,1.483946,-1.205936,1.732068,-0.177963,48.804885,1.329533,0.122087,-1.505358,-2.257993,0.246697,20.455826
1.714691,0.180552,-2.581655,-1.654996,1.109137,-0.629082,3.792558,2.305259,-0.430508,-0.732033,1.317531,0.466155,8.403762
0.707014,-0.048384,-1.733321,0.509995,0.429184,0.379529,83.578281,2.073421,0.125162,1.874345,-2.216573,0.290596,23.440963
4.877826,-0.835515,-2.423067,0.405206,4.008724,-0.682009,0.007483,2.763699,0.148029,-1.94486,2.540474,0.378802,16.996159
0.403258,0.243608,2.350024,-0.187928,0.817545,-1.98768,71.778482,1.930199,-0.117822,-1.105046,-0.906038,0.067519,17.441932
1.41118,-0.323347,-0.91809,-1.421831,0.756954,0.654669,99.479033,1.32502,-0.229717,-0.781036,-1.662696,-0.239197,16.975262
2.877881,0.425921,0.970562,1.786335,3.55576,-0.373786,25.796081,1.318043,0.184638,0.860001,0.436724,-0.302312,23.450919
3.49685,0.451802,2.205293,1.927306,1.386624,-0.040832,13.315609,1.47353,0.149069,-0.892087,-2.268899,-0.281337,35.852806
0.686983,1.359806,-2.571597,0.052993,1.047472,1.381296,93.548782,2.965484,0.037236,0.962161,-1.077269,-0.407389,10.08632
0.448979,-2.253568,-2.837332,1.685355,0.768113,-0.454978,45.457323,1.695526,-0.172322,-1.361038,0.695668,-0.067752,10.884872
2.883441,1.178225,-1.618595,-1.441916,1.625542,-1.081804,6.135006,0.50576,-0.390652,-0.095798,0.90281,0.018325,-3.551754
5.357948,0.572526,1.593032,1.213059,1.239841,1.226218,29.838604,1.902818,-0.105718,0.906394,0.149823,-0.452201,8.590982
1.206623,-1.037239,-2.380845,1.363367,3.470553,-1.272706,62.244654,1.328188,0.220974,-1.380639,-0.172331,0.27724,27.899461
0.712378,0.776956,-0.86296,-1.668883,0.515469,1.060948,63.566248,1.014621,0.157838,1.906158,-0.40665,-0.247355,-3.644408
1.366212,1.382601,-0.831639,0.06946,0.446331,-0.507038,39.524692,3.545997,0.382964,-0.571753,1.889286,-0.446755,-7.541044
0.484961,-0.485441,-0.176878,-1.727128,0.324925,1.078242,56.813666,1.221491,-0.210692,1.345428,0.838591,-0.2749,1.346827
0.846015,-0.009464,0.154714,-1.142527,0.759774,0.54442,33.241001,2.905458,0.447273,0.696985,-1.248827,0.218134,-2.915807
0.628741,-0.172674,-1.942647,0.717373,0.305968,-0.041082,47.713082,1.101522,0.004844,0.852506,2.435583,-0.423613,10.542775
0.794475,-0.614045,-1.618165,0.033602,2.99211,-0.183743,93.69333,3.924193,-0.055607,-0.159639,0.430014,0.020519,3.576015
0.173137,-0.633314,0.777245,0.820492,0.162993,-2.126849,41.912008,3.810809,0.149744,-1.606554,2.835828,-0.480574,2.259028
2.69204,0.386635,-0.648582,1.589634,1.429663,-0.119744,95.984735,0.215976,0.45242,-0.444892,-1.587249,-0.42354,14.562184
1.67424,0.922478,-0.03839,-1.593585,0.594959,-0.326407,39.244364,0.13066,-0.466993,0.669113,2.547386,0.454434,1.325148
0.226144,-1.062953,-2.925626,-1.731505,0.831243,-1.813446,92.821981,3.534515,-0.474458,-0.046781,-1.185035,0.09656,3.658581
0.717129,-1.584365,1.908677,-1.221828,0.876908,0.264314,10.775975,2.546735,0.394092,-1.528857,-1.704462,-0.425798,10.298364
0.141301,0.068721,2.724058,-0.403023,1.17629,-0.8283,62.436478,1.68855,-0.367798,-0.235407,1.623226,-0.306115,0.023309
0.661948,0.080783,-2.269458,-1.821449,0.454132,0.633082,87.703026,1.838859,0.09028,1.338017,2.025936,0.252841,-5.566486
0.622989,-1.850259,2.52226,-1.177712,0.359981,-0.516625,47.611222,0.454793,0.339648,0.729223,0.777006,0.348388,11.28073
0.790809,-1.183716,1.457163,0.76754,0.090157,0.579738,14.629131,1.462997,-0.373834,1.561,-0.643198,-0.420313,2.767078
0.382877,1.934804,0.736116,-0.123364,1.042976,-1.034546,84.533673,2.481452,-0.249932,0.634082,2.149863,-0.111733,20.299212
0.333938,0.55874,2.692214,-0.754857,0.605049,1.242908,38.441256,0.012326,0.041549,-0.418333,-1.400348,-0.121532,6.848147
0.735845,-0.015009,-2.520372,0.904493,1.535462,-0.169503,21.896781,0.411499,-0.463876,1.892184,1.157621,0.054793,27.041746
2.428075,-0.00546,1.454947,-0.038475,3.59003,-1.374405,88.604423,2.869901,-0.139458,0.118266,-2.883256,0.096976,9.953447
2.759559,0.863425,-0.639129,1.793478,0.490954,0.155148,21.229993,0.217064,0.220399,-0.567529,0.567053,0.376493,17.999477
0.872541,0.004601,1.860997,1.065149,1.671682,-1.131158,2.339157,2.143144,0.068225,1.802138,-2.782402,0.352086,31.396447
0.358649,0.031135,1.699806,1.072305,1.204347,1.037505,94.341434,3.285787,0.153588,-1.610853,1.041924,0.2949,45.027182
0.512634,2.069962,2.894902,-1.599234,0.387958,-1.4146,89.33749,3.175342,-0.404715,1.834829,2.726257,-0.149564,11.436351
0.946495,-0.569357,0.714342,-0.291275,0.264618,-1.169283,72.901823,2.383175,0.180748,1.340614,0.660628,-0.103535,29.27219
1.501486,2.859171,-1.433013,-0.771425,1.003147,-0.57864,29.501753,0.822463,-0.181815,1.538793,-1.405108,-0.220832,5.199145
0.487131,-0.23571,2.431728,0.605446,0.409871,0.069623,58.009365,2.285281,-0.053578,0.210438,0.989607,-0.45387,0.782188
2.342868,0.433866,-0.970644,0.781249,0.739983,-0.508642,18.483204,0.207755,0.478194,1.028959,-1.980103,-0.367318,3.681925
1.095107,-1.64978,0.987274,-0.43046,1.071624,1.766621,89.470739,1.917001,0.145265,0.959748,-2.27363,0.409341,15.70272
0.408736,-1.114967,-1.044691,-1.469063,0.664902,1.17914,23.534916,3.883393,-0.114935,0.68343,-2.856044,-0.493199,-17.886516
2.171249,-0.190019,-2.136485,1.535884,0.358793,0.307141,41.083726,1.465175,0.265058,1.89979,1.916312,-0.414289,10.288487
1.120922,0.756998,0.998775,-1.286883,0.674443,-0.59002,93.597047,0.990161,0.357773,0.229506,-1.373014,-0.301086,19.662864
0.48122,0.670865,2.068389,0.606115,0.250624,1.487844,73.100923,2.032951,0.123985,1.972771,2.574161,0.45162,30.599165
3.87406,0.656754,1.865033,-1.472611,0.764686,1.793873,97.590325,2.878537,0.457537,0.78184,-0.405651,-0.253704,12.791802
4.310463,-0.615461,-0.550229,-0.618979,0.579514,2.346925,42.114752,0.479861,-0.048165,0.880247,-0.553913,-0.458551,11.391444
5.307483,-0.506999,2.214543,1.669114,1.191393,-0.382688,34.855962,0.309352,0.12663,0.255787,-0.654685,0.209136,26.632739
0.84838,-1.137481,-1.771422,-0.743136,0.868636,0.074239,32.858747,1.113281,0.444102,-1.691603,-0.729254,-0.491249,1.734428
0.225759,-2.137124,1.894462,0.397125,2.447895,-1.147253,28.654966,2.158332,-0.033776,1.08775,0.661299,0.169235,13.647866
1.989547,0.792351,0.404687,-0.963228,0.841089,-0.457459,9.719813,1.259677,-0.070986,-1.051477,0.670581,-0.432653,5.923205
0.620982,-0.618214,-1.811474,-1.661721,0.612057,0.209053,56.453185,1.375079,-0.389145,1.162974,-2.232885,0.21961,3.968051
1.759845,-1.302697,-1.752187,-1.045579,0.340713,0.02015,79.508756,3.730422,0.011457,0.522234,-0.673543,-0.02241,-0.305162
1.143978,0.733999,-0.784616,0.500257,0.867915,0.277559,39.627983,2.694986,-0.118612,0.193358,0.358003,0.292535,1.219305
0.378035,-0.01269,1.791797,0.330201,0.195656,-1.843591,3.850613,3.54243,0.337409,-1.938037,0.817815,0.128715,19.358327
0.071078,-2.615511,1.715293,-1.662805,2.934792,-0.760042,3.053063,2.520049,-0.384274,1.982042,2.257651,-0.254456,13.917468
1.099813,0.7362,-0.904677,0.195144,1.311857,-0.38725,47.13743,0.487642,0.162698,1.14882,1.011497,0.290514,6.040936
0.470825,0.964532,-0.633092,1.865621,0.415674,1.823391,13.663305,1.273589,0.263782,0.175743,2.856727,-0.289713,19.430586
4.762863,-0.702677,-2.669151,0.581798,2.072837,-0.114009,46.559858,2.844398,-0.187779,-1.857717,1.399023,0.366389,8.933257
0.340533,0.493449,2.123483,-1.37764,5.028516,-0.154774,30.875123,1.972844,-0.177301,-1.485426,2.994856,-0.347064,9.896235
0.98438,0.583478,-1.673118,0.119372,0.701039,0.023228,25.002724,0.413202,-0.471558,-0.629066,0.410844,-0.070685,16.26737
0.627138,0.38743,2.747467,-0.320556,0.299971,-1.062028,73.194543,2.193241,0.066388,-1.95201,2.210721,-0.123327,30.017159
1.118381,3.022732,-0.450292,1.399513,0.315029,-0.808026,42.453756,0.409148,0.166112,0.408876,-2.030453,0.330462,10.978494
0.667614,-1.193464,-2.560356,1.010564,0.371669,-0.967333,29.525493,0.28896,-0.41098,0.012287,-1.582204,0.175302,17.161125
0.804695,0.296749,-1.668219,1.713218,2.54177,-0.13095,94.451049,3.798583,0.261252,1.563703,0.756835,0.065482,18.901975
1.002415,0.282474,1.359787,0.080001,4.117609,-0.119899,13.73912,2.267529,-0.250849,1.587146,-1.503538,0.345609,26.578531
0.521177,-1.880158,2.081048,-0.849234,2.104691,-0.826552,2.738576,0.712185,0.205812,-1.098478,-0.71698,-0.324226,9.024776
1.013917,0.469174,2.276141,-0.446762,0.52372,-0.54734,89.411933,3.048071,-0.415428,0.437707,1.096833,-0.203994,0.601817
0.60564,-2.248302,-0.789533,1.397274,0.835693,0.651046,71.284086,1.472408,-0.183011,1.855504,-2.054673,-0.014336,32.362095
0.489694,-0.56607,2.908267,-0.976638,4.288737,-0.239449,22.223019,2.277906,-0.372966,0.149127,-2.590085,-0.186293,3.420023
1.280018,-0.584853,-1.619132,0.565857,0.25106,-1.500541,33.889622,1.439501,0.268128,-1.009874,1.130559,0.277288,-0.108666
2.256333,-0.135744,2.48934,-0.277704,0.434746,-0.316223,25.795407,0.701811,0.009108,-0.588116,2.734857,0.445014,0.506965
0.337816,0.852699,-0.785075,-1.320729,0.637114,-0.452508,43.600198,3.097054,0.168802,-0.710994,-0.61924,-0.495864,-10.068361
4.264579,0.849786,0.440691,0.618667,0.873743,-0.415974,6.408016,0.34963,-0.429,-1.005259,2.205962,-0.255118,12.95326
1.459132,-1.027812,2.654673,-0.735854,0.904054,-0.118077,42.446396,0.559059,-0.18884,0.620256,2.745945,0.28232,8.88985
0.505789,-0.699838,2.08372,1.562827,2.042153,0.570381,45.064052,3.47368,0.476488,-1.373909,-2.4303,-0.080055,31.136918
1.167549,0.081174,-0.954095,1.962781,0.301615,-0.077359,32.136697,2.446242,0.30312,-1.565872,-2.202191,-0.429519,19.526997
1.409362,-0.829119,-1.549934,0.451607,1.447216,0.588325,9.227155,0.290136,0.108726,-1.070707,-0.26344,-0.091413,20.260707
0.220438,2.460798,0.673589,-1.743627,6.184258,1.677407,84.277021,0.028222,-0.104781,-1.823239,-1.701282,-0.269713,18.277969
1.00184,0.229939,0.193081,1.614147,5.090464,1.771812,63.938246,1.318567,-0.097208,-0.202193,0.084855,-0.434881,31.675203
0.724772,0.046375,-1.76761,1.71339,0.536871,-0.954261,91.663711,2.264229,0.209638,-0.934725,-1.417442,0.271654,30.977217
0.870859,-0.499817,-2.962735,-1.674791,3.035679,-0.316354,19.552842,2.851549,-0.412123,1.320081,2.200629,0.319951,2.456154
6.045245,0.161948,2.55941,0.741183,0.335741,-0.535112,76.93644,2.172012,0.095484,1.861567,0.698579,-0.063542,45.070846
1.552813,1.224194,0.282992,-0.220114,0.740742,-0.99507,68.096184,0.651538,0.044281,0.029496,0.081657,0.0425,0.921304
1.207408,-2.046668,-2.100043,-1.438279,0.399115,-0.857967,11.534012,2.122137,-0.394867,0.966011,0.776954,-0.097965,3.19471
1.563839,0.800338,-2.735441,-0.677048,1.020695,-1.121873,58.671722,3.834761,-0.057643,-1.955328,1.603917,0.063727,-3.314558
1.395426,0.660851,-0.257515,-0.328811,1.484966,0.775036,43.867112,0.339859,0.446672,-1.019226,-2.342468,0.212432,13.599474
0.998216,-0.677879,-0.225393,-0.326497,0.531197,-0.334211,71.018391,0.585897,-0.079347,-1.075068,2.865034,0.161499,16.901761
0.593324,-0.162963,0.091713,1.443255,0.245565,-1.095913,33.938674,2.912068,-0.052405,0.828781,-0.83309,0.1481,0.818516
2.453999,0.586885,-2.981276,1.892224,0.72495,0.742979,64.888668,3.667467,0.347412,-0.594566,2.016534,-0.168355,5.609248
0.129271,0.715835,-2.539012,1.321202,1.238813,0.935092,51.877737,0.215168,-0.286924,-1.722626,-2.072039,-0.467756,30.925535
0.878651,1.088483,0.261238,0.543983,2.166862,-0.467608,93.117047,1.255192,0.427102,1.752316,-1.728458,0.373752,34.664387
0.568478,0.188894,-2.643426,1.548311,1.381403,2.039977,72.178315,2.5101,-0.456459,-1.620127,2.685546,-0.203112,36.511366
1.019423,-0.695573,-0.934078,-1.594518,0.663984,-0.101864,39.702757,3.221685,-0.250085,1.722753,-2.252568,-0.051919,15.794509
0.499615,1.549559,-1.196058,-0.636451,1.546988,-0.185573,65.833762,3.108191,-0.170033,-0.069956,-1.449993,-0.436941,10.44658
0.533698,-0.433026,2.859449,1.240637,0.360945,2.511581,47.030236,2.996777,-0.368504,1.474947,2.075887,-0.183235,12.825357
0.270046,0.921978,2.987043,-1.038925,0.608851,0.330177,16.890409,1.835094,0.28074,1.501563,-0.875925,0.099543,17.596486
2.91534,0.307586,-2.013331,-1.529597,0.862096,-1.018948,32.007825,2.630857,-0.346156,0.481299,2.037055,-0.322687,-11.668564
3.084319,0.969059,1.054746,-0.751815,1.468192,0.790764,17.834477,2.581579,0.056735,1.35667,-2.60855,0.495971,6.226811
0.439933,-1.805296,2.975971,-1.200807,0.531103,-0.088852,21.827951,2.460831,-0.428665,-1.763769,-2.267807,0.332056,7.796497
0.685049,0.951223,-0.275333,1.667825,1.018019,-1.436133,9.843617,2.375943,0.078476,-1.14611,-0.198208,-0.176806,22.415533
1.482891,-0.386804,2.395218,-0.876049,0.279298,-2.186846,73.16601,3.395204,-0.049952,-1.222291,2.527417,0.119986,26.168955
3.139406,0.210459,0.221573,1.529868,0.344504,0.929934,50.963159,3.45976,-0.430876,1.581872,0.745743,-0.440763,18.538626
10.291651,-0.273645,-1.492159,-1.728102,1.176995,-0.719692,0.298854,1.491219,0.322244,1.948703,0.270267,0.081597,-7.54292
0.103171,-0.159316,-2.801458,0.094039,1.441097,0.783453,93.584241,3.234196,0.241164,-1.774774,0.24666,0.150065,12.934959
0.225019,-0.625771,-0.652584,-1.203931,0.909363,0.605883,29.566101,3.267082,0.403707,-0.872496,-1.41901,0.058689,-0.770321
1.167194,0.009672,1.479214,0.223754,0.652339,0.990831,7.705121,1.700932,-0.181749,-1.735132,0.86676,-0.19666,9.833225
0.239556,-0.969414,1.121822,-1.438825,0.644216,1.270161,73.950091,2.781123,-0.077526,-0.070897,1.390294,0.017914,-2.297016
4.246267,-1.162763,0.649561,-0.40703,0.548635,0.497872,35.989423,2.279686,0.162929,1.442357,1.312167,0.137019,14.840829
4.823835,1.638479,-2.027372,-0.029334,3.630355,0.374345,39.131836,3.397573,0.461408,1.363737,-2.276914,-0.100674,4.422531
1.280376,-0.934907,1.974092,-1.834843,0.39002,0.943791,98.594506,0.304619,0.480927,-0.030166,2.404968,-0.311499,13.502373
0.644406,-0.634367,1.80276,1.671002,0.46153,0.264737,85.576524,0.988482,0.041231,1.907038,1.587574,-0.145724,35.04565
0.63866,-1.271378,-1.214457,-1.202787,2.032013,-0.042588,46.971928,3.735117,0.096453,1.293851,2.352588,0.293763,-12.510927
0.5264,-1.798019,-0.658695,0.244859,0.175393,-1.212515,84.793948,0.197918,0.272607,1.095919,1.861416,-0.11267,16.795305
1.006149,-0.678205,0.384337,-1.611281,4.506018,-0.294455,65.654156,3.874347,0.099419,1.983713,0.885998,0.263663,15.620577
1.24168,0.943602,-2.526697,1.258718,0.692168,0.049958,82.220546,1.121455,0.421153,-1.215494,-2.70544,0.021843,11.409048
0.498654,-0.385578,-1.075186,1.352701,2.415925,-0.324658,42.254591,2.040163,0.083625,-0.814642,-0.422768,0.180531,17.901137
0.76191,0.110069,2.554436,-1.86541,1.032129,-1.905634,37.707352,0.549142,-0.045357,0.894903,-0.906222,0.205864,-4.982774
1.053801,-0.622736,-0.416903,0.774417,0.336135,-0.274705,3.617734,3.440216,-0.15648,-0.023271,1.371368,0.125662,-0.272618
1.42108,-1.78125,2.291932,-1.583029,1.38109,1.49697,9.883534,3.706803,0.474164,1.938221,1.326617,-0.392047,18.375077
1.050844,1.278781,-2.932607,-1.487282,2.577386,-0.692386,60.093273,0.778988,-0.335513,-1.653273,0.428404,-0.15155,11.87634
0.078508,-1.233299,-2.663568,-1.995361,0.273385,-0.554817,15.118979,1.560482,-0.371784,1.259665,0.65965,0.204995,-7.050246
1.492363,0.435705,1.879075,0.853411,1.683407,0.844116,56.977017,1.867448,-0.364943,1.194991,-2.161182,-0.04594,-0.05852
6.222324,-1.198414,-0.303149,-1.386251,0.096551,0.825555,22.66865,0.378987,0.025987,1.998345,-1.87215,0.257371,0.296848
0.190965,-0.588832,2.050159,-0.743387,1.766299,-0.879875,50.039499,0.344364,-0.385293,0.762965,2.619511,-0.261712,7.553522
0.886721,0.147116,1.427776,0.99309,1.331211,-0.610086,24.016413,2.194901,0.125336,0.023629,1.991202,0.038921,13.63681
1.220548,-3.083424,0.736899,-0.19635,0.570877,-0.02282,85.46656,2.1409,0.260164,0.383304,-1.012634,0.172211,19.238975
0.17351,1.660491,2.138708,1.194019,1.643463,0.583961,78.608073,1.313148,-0.003959,-1.345718,-0.167282,-0.12014,35.196737
0.689904,0.431049,-0.05815,-1.921866,0.880638,-1.493794,65.715136,2.298426,0.434901,-1.483476,2.68723,-0.177798,7.734592
0.999106,0.028199,0.683301,1.611646,3.579658,2.060681,28.996709,0.80573,-0.355579,1.050598,-2.001152,0.326436,16.578431
0.340049,-0.744275,2.541294,-1.471243,1.171685,0.225807,9.184059,0.876876,0.161724,-0.33381,-0.823436,-0.362566,3.81976
2.249033,1.106545,-1.780237,0.859405,8.258012,1.077706,25.532256,2.850128,0.331745,-1.493439,0.100413,-0.065896,4.908494
2.515581,0.521091,-2.54428,-0.466924,2.064249,1.073933,6.834774,0.852247,0.46896,-0.88541,1.433139,-0.001326,-11.692657
1.752789,-0.564211,-0.582911,1.571085,1.142988,1.548193,86.621498,0.087227,-0.13986,1.150665,1.532646,-0.008558,30.117639
2.068711,0.26052,-2.573813,-0.920918,2.207506,-0.553302,33.192178,0.560878,-0.323178,1.197015,-1.220748,0.227776,13.998688
2.503126,1.123622,0.481292,-0.577367,2.670811,1.438715,17.063248,1.087499,0.389635,0.40364,2.895897,0.047176,11.516357
0.949967,-0.792688,-0.005356,-0.056854,0.592408,-0.173138,45.874327,2.334825,-0.059912,0.587907,2.036511,0.345914,7.117315
0.937178,0.60389,1.017967,-0.451863,1.000207,1.002362,59.189097,2.433798,0.340732,1.229055,1.967054,-0.499236,11.600548
2.827227,-1.249287,-0.527965,-1.159398,4.075613,-0.335361,30.743963,0.287379,0.077214,-1.489397,1.668058,0.294462,18.148002
0.208935,0.634202,-1.317613,0.611496,2.180775,0.412419,2.1917,2.348632,0.400506,1.060102,2.215252,0.060723,6.528969
0.738238,-1.448066,-2.285256,0.525465,0.358284,-1.207627,56.820938,3.157577,-0.407995,-0.199512,2.051731,-0.171812,9.511956
0.31866,-0.045657,-0.677222,-0.167483,0.386594,-1.614563,76.691867,0.194007,0.457814,-0.129031,-1.339443,-0.172566,2.572636
1.01224,-0.779253,-2.497555,1.63506,3.246655,-1.789654,51.130537,0.034035,0.099763,1.84251,0.464378,0.178019,23.783653
0.337229,1.259058,-2.963667,-0.827493,0.338887,0.074052,23.439715,1.77515,0.391598,1.523667,-1.564774,-0.318377,-19.536904
1.730118,-1.400274,-1.311967,-0.761171,6.337503,-0.14972,9.346713,0.742149,-0.314951,-0.595849,-1.014173,-0.17321,0.936935
1.281045,0.196469,0.449535,1.619987,6.869267,-1.320243,67.524747,3.377786,0.318847,-0.823,1.656905,-0.457131,34.237824
1.04716,0.169041,-2.906448,1.207029,0.700373,-1.029962,86.904692,1.604327,-0.074013,-0.66578,1.869965,0.437917,10.461609
1.363003,-0.266453,-1.11246,0.805985,1.574865,0.188817,3.29239,1.307176,-0.320595,0.474556,-2.200169,0.27743,15.245187
1.997061,-0.313465,2.527973,0.84352,7.583829,-0.8857,93.731932,0.71139,-0.139818,-1.248204,-1.297338,0.081087,26.86615
0.867629,0.31274,-1.324832,-1.551388,1.732228,0.595072,94.900815,1.673768,-0.062054,-1.358429,0.547085,0.403696,-1.217782
1.127753,2.114148,-1.05326,-1.435538,0.787636,0.939052,7.719309,1.903967,0.275348,0.742795,2.143383,0.001056,-12.583241
0.257345,-0.623542,-0.067487,1.064622,0.7291,1.655353,67.294761,1.67082,-0.361411,-0.563728,-0.213054,-0.430512,11.963623
0.384477,-0.800314,1.692945,0.908189,1.529032,-1.066928,30.912158,1.742901,-0.149647,-1.17187,-0.982414,0.384759,1.521012
1.517082,-0.358374,1.854742,1.252644,1.734963,0.894748,33.658239,2.739917,0.401444,0.967966,-2.596853,0.100123,15.478035
0.778175,-0.583796,-2.911286,1.255248,2.068299,0.896432,94.543189,3.140005,0.475385,0.256895,1.25469,0.104671,-1.62874
1.393607,-0.862163,1.195574,1.334346,2.24781,-1.0129,0.820627,2.266216,-0.078337,0.311995,-0.514613,-0.243379,19.849616
1.700254,0.390892,-2.291827,1.968539,1.148268,-0.166236,26.990167,2.700284,0.070955,1.593019,-2.956572,-0.316993,21.400923
0.668253,-1.183444,0.231338,-1.34284,0.597638,-1.443196,96.360793,0.450626,-0.415199,-1.846519,1.95496,0.166845,18.044885
0.564104,-0.758726,0.350491,-1.034087,1.746289,-0.376445,55.723554,2.096681,-0.006653,-0.171249,-2.325251,0.032293,2.215286
3.420057,-0.815036,2.052134,-1.940603,0.403947,0.456915,60.891686,1.350863,-0.303783,0.975805,-2.714007,-0.282775,0.21046
0.19279,0.562795,-2.876036,1.833168,7.089386,-1.153408,40.791769,2.360089,-0.11856,1.188307,-0.511474,-0.342802,33.731753
0.44064,-0.158677,-1.001094,-1.081655,0.326801,0.955515,75.378712,0.555743,-0.020863,0.11188,-0.166163,-0.137587,8.796003
0.978746,-0.043523,-2.276938,-0.102355,1.175857,-0.508975,68.456036,1.816373,-0.08727,0.599692,0.676179,0.22861,6.325244
0.16689,0.700679,2.309973,1.969403,0.204531,-0.108231,73.791646,3.866756,0.458977,1.652813,1.980877,-0.458713,38.550129
26.875679,-1.090013,0.720476,-0.301569,0.963932,-1.279856,58.188933,2.242612,0.351579,-1.351002,1.645876,-0.400366,24.859134
0.74496,0.638914,-2.230985,-1.035976,3.506463,1.941011,31.855799,1.949567,0.108748,-0.693472,1.065179,0.220896,-6.77396
0.990808,-0.349929,2.310569,-0.588775,0.637414,0.777311,85.345738,2.623808,0.427858,0.97206,1.546589,0.168492,28.614059
0.815188,0.31992,-1.778541,1.321708,0.383656,1.013388,11.269298,0.593337,0.488184,-1.872828,1.7425,0.26469,-1.370339
2.257278,0.880486,-0.782394,1.747737,0.719885,0.454279,27.17126,1.272464,-0.033431,-0.054958,-1.560976,0.288709,23.405188
1.326122,-1.904461,-2.023357,-1.805638,0.520457,-0.845732,79.525457,3.349725,-0.20701,0.690566,-2.744853,-0.435039,5.329226
0.497202,-1.095047,-0.608884,1.299917,1.350598,1.788772,81.126614,1.448613,0.427522,-0.257068,-0.112609,0.413622,15.167742
1.819447,-0.724191,-2.19545,-1.028359,0.799483,-1.168782,7.626215,1.559197,0.22383,-0.791711,0.825326,-0.2256,-8.50077
0.341223,-0.949184,-1.569965,0.653246,0.760278,0.81349,46.160972,2.166789,0.18848,-1.646195,1.171967,0.139163,16.335995
0.790393,0.747975,-2.900357,-0.322519,2.525619,0.817057,68.536609,2.476058,0.06079,-1.910171,-2.707071,0.07726,17.196567
1.793722,0.417302,1.064672,-1.764821,0.493128,0.508535,86.573167,1.436602,0.032814,-1.804768,1.53051,0.348484,13.771497
1.066411,0.383103,-0.855572,0.75238,2.816666,-0.823002,81.548832,2.590155,-0.194607,-1.874429,-0.689942,0.455697,24.997445
0.991736,-2.157554,0.906504,-0.423009,0.40322,-1.352387,34.953903,0.028248,-0.011186,-0.60041,2.010973,-0.052415,4.997357
0.512616,1.199225,-1.849685,0.28189,4.707044,-0.254062,13.400403,0.076738,-0.376244,1.972943,2.135162,0.026761,29.536635
0.328866,-0.937467,-0.24737,0.984166,0.314314,0.623459,98.862995,3.770366,-0.321381,0.89557,2.490467,-0.227319,8.474548
1.139548,0.039628,2.76922,-0.177822,3.129324,-0.337994,2.714923,2.072517,-0.264796,1.28524,0.4107,-0.186023,9.901137
2.202808,-0.338509,-0.39636,0.465292,3.25085,0.574327,86.469092,0.197068,-0.289575,-1.158662,-0.680736,0.322001,26.260363
0.349125,0.414026,0.304731,1.582077,0.578956,0.566429,39.169362,1.737408,-0.009495,-0.32564,1.05908,-0.005253,0.662537
0.845751,0.508708,-0.002923,0.919681,0.294487,2.696619,66.996409,1.6569,-0.130304,-0.242169,-1.127524,0.380939,-1.886611
0.120109,0.943173,-1.526287,0.221782,3.737036,-0.611548,12.342874,0.568494,-0.160585,0.855869,0.68141,-0.270721,9.91849
1.059681,1.454262,-1.305675,-0.400536,0.604698,-1.687012,90.025546,3.144272,-0.035161,-1.34824,1.027195,-0.317615,23.910782
1.261739,-0.017718,-0.471986,-0.232343,0.784084,0.040031,72.148403,3.129003,0.282101,0.709065,-1.028113,0.277611,22.473482
0.480421,-1.346927,0.865685,-1.375455,0.151116,0.645345,83.080015,1.799266,0.431968,1.288252,1.073624,0.40991,11.027524
1.270797,0.435424,1.581955,1.556239,2.404018,0.601201,24.613867,0.415629,-0.249146,1.834004,-1.172939,-0.393905,26.707148
2.709957,1.519408,2.87577,-0.538536,0.157451,-0.672043,33.18979,3.263593,0.045101,1.250275,-1.560558,0.363517,24.37195
0.336813,-0.146731,0.331939,1.566525,2.143657,-1.243012,22.13884,0.37104,-0.288519,-1.76065,-2.056942,0.317426,28.843369
1.164321,-0.966458,-1.493143,0.998159,0.667873,-1.787633,27.521947,1.979486,0.129024,-0.946762,2.586907,0.419543,3.863374
0.959049,-0.188178,1.244277,0.867162,0.761887,0.787626,25.626431,3.220573,0.213394,0.51846,1.307993,0.44972,21.496149
0.434733,0.699956,-2.097498,-0.586323,0.427895,-1.72641,17.708451,1.088579,-0.092483,0.004136,-2.093793,0.479718,-6.457599
2.785193,-1.196451,2.205879,-0.547477,0.418795,-1.305446,26.354538,3.503067,-0.13735,-0.504906,-2.151874,-0.277518,-3.193526
0.123516,0.753534,1.633195,-0.556904,0.697318,-0.416452,28.248964,3.374649,0.109566,0.772217,1.311424,-0.189055,23.008947
0.302684,0.040591,-1.907401,0.37333,1.325903,0.17687,33.56288,1.564119,-0.051926,1.656774,1.699593,0.267895,15.499862
1.744872,-1.497841,-1.29247,0.134377,1.041863,0.636554,41.234804,0.717433,-0.44456,-1.890109,0.80312,-0.202048,11.077681
0.96306,-1.492939,-2.586938,-1.725591,1.048453,0.267503,19.854685,2.025853,-0.382084,0.46889,-2.587043,0.471277,-6.21008
1.591154,-0.58547,0.016301,-1.188353,1.869829,0.211818,38.922958,1.988323,-0.303563,0.085083,2.106717,0.225884,-1.138493
0.420369,-0.148553,1.273559,1.752716,1.002587,-1.997897,62.404345,3.687568,-0.086491,1.093406,-2.55612,-0.03342,27.263222
1.350531,-1.768424,-2.180824,1.809756,3.749424,0.054335,49.56304,3.090167,0.05301,0.392582,-0.710028,-0.404533,12.795142
2.199056,0.234976,0.933947,1.813595,0.954489,1.47902,73.634054,2.901638,0.440654,-1.359562,-1.535617,0.201029,32.66377
0.549315,1.445681,0.218247,0.052336,1.256675,-0.290874,72.987271,2.835317,-0.016873,1.884713,-1.929163,0.01219,27.25247
0.275816,1.223569,-2.866655,-1.392325,0.712518,-1.101947,5.652367,1.799023,0.463483,1.366396,-0.73532,-0.029837,-17.359405
3.105503,1.532004,0.595025,-0.625062,2.220106,-1.586104,3.025762,0.266165,-0.48115,-1.285576,0.965323,0.089292,8.171977
1.564983,1.358076,-1.902193,-1.23655,0.944032,0.121862,11.344117,0.044476,0.411897,0.466821,0.333196,-0.417955,-12.356837
0.340245,-1.241516,1.826252,1.047111,0.900101,0.401279,62.852234,1.245361,0.206671,-0.068095,0.669827,-0.368679,30.186694
1.040871,-1.156325,-0.580774,1.227639,0.746392,-0.67824,40.753412,2.347039,-0.280961,-0.326635,0.288516,-0.010758,15.330585
4.743973,-0.114141,-2.528578,-1.651718,8.0937,-0.861226,67.57919,0.821461,-0.097557,-1.469182,-1.486155,0.308322,2.568288
0.558282,-0.857905,-1.57834,-1.896659,0.749128,0.499447,65.332041,2.589689,-0.448489,0.774601,1.155458,-0.406417,-4.842004
0.956092,0.601684,0.431475,0.057133,5.144721,-0.141077,25.200309,2.982589,0.344992,-1.270663,-1.958751,-0.001564,19.784054
0.111219,0.374067,1.782704,1.09757,0.362797,2.037681,66.111556,1.420034,-0.394268,-0.706678,-2.49578,-0.230256,8.910827
1.245176,1.753258,-0.965043,0.296832,1.80055,0.827607,90.03441,1.05631,-0.300494,-1.201298,-1.058076,0.144771,30.067435
1.941334,0.691424,1.211038,-1.824052,0.245042,-0.260885,70.748643,0.314536,0.366596,-1.958187,2.755029,-0.415087,20.493506
20.504891,1.636045,-1.4017,1.626357,1.420061,0.81444,30.986614,2.315942,0.466993,-1.682989,-0.089747,0.269835,18.628183
1.33613,-0.838874,1.306703,0.517811,0.432904,-1.594555,59.468584,0.620293,-0.201891,-0.133466,1.060195,0.338923,1.057175
0.367611,-1.594525,2.960677,1.06182,1.781902,-0.916508,12.914254,0.83372,0.406348,-1.9331,2.52051,-0.059224,30.121604
0.203593,-1.209709,-0.114678,1.55415,0.906331,-0.392104,4.509669,1.049569,0.272016,-1.761298,-1.067819,-0.470504,27.01719
3.617929,-2.167261,-1.146992,1.431043,0.470627,1.523829,12.414168,1.307162,0.389063,0.673018,-1.64385,-0.01114,3.764751
0.585492,0.717707,-2.17368,1.973233,1.53208,-0.110369,26.724151,2.149606,-0.474487,1.76051,-0.348901,-0.088115,42.278761
0.376285,0.364547,2.383456,-1.419724,1.014899,2.044715,2.708961,0.915981,-0.183594,1.481739,1.079128,-0.432611,3.672285
1.030642,0.190414,2.297616,-1.34318,0.568481,-0.545843,31.980514,2.572631,0.279964,-1.375555,-0.840089,-0.334864,7.014681
1.000175,0.013047,1.996241,-1.332606,0.429269,-1.839939,65.974821,3.94673,-0.455481,1.234049,-0.121875,-0.324307,-3.334436
0.199431,0.173772,2.678643,-0.455531,0.499565,-0.052807,53.516715,0.629639,0.170072,-1.991053,-1.273928,0.102975,21.534383
0.352244,0.053954,2.208975,1.477796,4.097763,1.445883,7.876184,0.295957,-0.327865,-1.248509,-0.622872,-0.147976,27.514744
0.174198,-1.005608,-1.464333,0.224035,4.281495,1.462588,2.311446,2.846486,-0.084068,0.875307,2.152858,0.473676,1.785387
1.231737,-0.482267,2.663608,-1.093267,1.663839,1.580116,61.904106,0.407173,-0.010735,-1.871183,-0.088434,0.055163,28.469932
1.62608,-0.814155,-2.249786,-0.23096,0.440615,1.313124,83.95304,1.176829,0.210353,-0.302724,1.203775,0.193288,8.603462
0.425475,-0.602175,-1.02804,0.257099,2.772388,0.651895,6.03041,3.38401,-0.324731,-0.959098,-0.197853,0.161946,20.260986
0.549249,0.593285,-1.698712,1.980332,0.677401,-0.374591,71.050609,2.701812,-0.263708,0.012062,-2.122019,-0.428691,24.214105
0.76999,-0.386546,2.751001,-1.042973,1.624458,1.625131,77.96292,2.595939,0.338136,0.511271,2.787191,0.154949,30.460744
2.471034,0.590136,1.274685,-1.089254,3.454428,-0.491789,56.364176,2.537815,-0.369794,-1.377905,0.732778,0.480869,-2.935107
5.823647,1.364872,-2.042418,1.486623,0.083715,-0.568876,27.615038,0.434699,-0.052593,0.416487,0.554395,0.349292,10.65268
2.848205,-1.386159,0.553524,0.005312,0.107844,0.192916,45.020395,3.07768,-0.102299,-1.111829,1.112731,0.33015,-6.377625
2.605066,-0.219875,0.06693,0.149876,0.519193,-0.850888,48.656842,2.147572,-0.386571,-0.227224,-0.289487,0.22246,-2.333173
0.607806,0.415827,1.534002,-0.282805,0.503642,1.006801,99.31045,1.22138,0.43988,-0.90509,-2.823403,0.400498,30.418272
0.22959,-0.954128,0.468306,-0.033126,0.891789,0.387104,5.234073,3.977838,0.142242,1.639976,-2.229736,-0.460959,19.083452
0.602758,0.807477,-2.228662,0.36615,0.705908,0.505088,39.401182,3.823158,-0.097312,0.142406,1.913877,-0.385665,-6.366849
2.632416,-1.255035,1.138824,-0.2633,0.468351,1.084348,45.925573,2.312631,0.389686,-0.845178,-0.580919,0.114988,16.692668
0.694977,0.237484,-2.600936,1.494203,0.655066,0.301621,70.154318,3.366204,0.031785,0.104974,-2.409211,-0.289295,17.780094
2.665736,-0.029804,2.57226,1.960179,1.021866,0.148696,4.644679,1.395758,-0.021505,0.321356,1.472224,0.014893,33.178051
0.178169,-0.945222,1.106508,1.896776,0.312981,-0.053246,11.487114,0.698611,-0.182023,-1.193173,1.450642,0.200888,10.923043
1.894984,-1.583339,-1.212153,1.015362,1.45956,-0.179491,28.075889,3.932154,0.326768,-1.193401,-2.885261,0.207365,2.847404
0.502931,-2.222082,1.767285,0.953354,7.637514,-0.641947,3.315307,1.721352,-0.283031,-0.15851,1.660038,0.486484,-1.230384
3.19178,1.291159,1.855502,-1.974019,1.620176,-1.366198,15.556052,2.030971,-0.196002,1.473008,1.86183,-0.233639,-1.657574
0.647461,-0.735583,-1.706916,0.390081,1.4173,-0.973197,29.581855,3.524154,-0.165079,0.530299,2.75254,0.393825,7.502602
0.333002,0.537007,2.545275,-0.787785,0.19557,-0.178315,58.639512,2.186999,0.258806,-0.40366,-0.514856,0.472829,13.608788
0.546151,-0.23474,2.084752,-0.181802,1.017777,1.877998,83.616647,0.797568,0.211039,0.116886,1.730072,-0.153563,20.073949
0.267398,0.604736,-2.178879,-0.853033,2.383246,0.613638,35.867966,1.854313,-0.411262,-0.472751,0.286067,-0.165761,5.856117
0.709197,-0.449557,0.692982,0.565507,0.506165,-0.761096,65.445835,3.597475,0.182411,0.753676,0.392121,-0.271521,7.489544
0.181954,0.195655,-1.465621,-0.03721,1.502558,2.000391,59.719717,3.946681,0.287157,-0.069097,-1.778434,0.277252,-7.95158
0.433653,-4.9e-05,1.163337,1.490086,3.446878,-0.529538,64.151336,1.241068,0.102822,-1.844505,1.621627,-0.375253,43.470524
1.906579,0.4491,-2.787437,-1.045365,0.342902,0.104377,34.337525,1.359061,0.455317,1.213226,-1.802917,0.259339,-20.743839
3.049472,-0.991482,2.173207,-1.513282,1.776483,0.343898,95.926722,1.433619,0.243365,-1.360745,-1.618085,0.387283,33.331101
1.913881,0.889059,-1.689711,-1.26474,1.718865,1.116034,87.755699,2.854262,-0.331555,-0.503064,-2.775964,-0.437179,8.90139
0.81905,-0.277578,-1.76371,-1.190506,0.453494,-2.209933,73.732779,0.724726,0.200785,0.918209,-0.193532,-0.161394,-13.687601
0.681725,-0.218212,0.270532,-0.72226,0.604184,-1.750149,64.369537,3.59524,-0.46142,0.289947,0.349813,-0.192479,-3.057891
1.564233,-0.196241,-0.904728,0.081824,3.544661,0.194539,89.981024,2.869592,-0.08005,1.842197,0.066357,0.437209,22.783118
0.902803,1.797856,-1.413404,0.524374,3.448751,0.129365,96.008084,0.038645,0.400909,1.797542,1.678293,0.257857,22.891485
0.962757,-0.299408,0.753874,1.257472,1.060026,-0.447636,27.62258,0.316223,0.331775,-1.060267,-2.545892,0.093909,22.783285
2.708971,1.803126,-0.518962,1.965057,8.921712,-0.670718,15.984106,3.416385,0.141411,-0.731189,2.738302,0.159242,35.674089
1.523645,-0.792326,2.221549,-1.978732,1.859606,-0.426624,62.789496,3.532243,0.172758,0.0411,1.200082,-0.242076,1.613884
1.500693,-1.241013,-1.218364,-1.341633,3.917499,-0.249413,5.005835,1.198045,0.02406,-0.164674,2.975945,0.251471,6.094453
0.158665,-0.138706,1.197218,0.758452,3.765695,1.082326,30.922147,2.882814,-0.100125,-1.071491,-1.488166,-0.458034,9.415457
1.222292,-0.003154,1.984483,1.936967,2.11568,0.088637,34.617368,0.490775,0.322607,-0.15477,2.554245,-0.475204,30.675258
0.908399,0.782761,0.166769,1.454291,1.721254,1.37313,27.045254,3.184519,0.454536,1.530669,1.591454,-0.375526,29.661908
4.443384,0.559337,0.784713,0.46036,0.260659,-0.493855,51.95093,0.485227,-0.354617,-0.541201,-1.526685,0.153648,9.099247
0.118068,1.627981,-2.955175,1.957789,2.732531,0.176968,68.518003,3.736805,-0.299922,1.97013,1.67046,-0.472244,49.960916
0.34737,-0.509749,1.234921,1.978166,7.457449,-0.190589,46.491477,2.616463,-0.207448,1.85149,-2.769007,-0.4856,37.015566
0.506923,0.780751,2.570265,-0.641942,2.158835,0.018636,16.682452,2.726418,-0.408435,1.433268,-0.968557,-0.231986,-0.710571
0.273997,0.30771,-0.27083,1.061376,1.527135,-0.476689,80.298373,0.485233,0.251418,1.938921,-1.142304,0.201847,25.766441
0.381444,0.357948,2.462437,-1.546247,0.558359,-1.069882,80.929686,2.92616,-0.302477,-0.573464,0.246309,0.075311,-0.799356
1.426661,-0.044998,0.240915,0.333426,0.418324,-0.614552,63.423703,0.868627,0.378098,1.164784,0.067225,-0.235092,13.995284
1.960245,0.673817,-1.445352,-1.162446,0.727414,0.690984,37.583286,3.644529,0.067065,-0.278957,2.289577,-0.409204,-0.396579
0.997668,-1.191555,0.928251,1.707155,1.287264,-0.022243,3.843827,2.980632,-0.253099,0.489843,-1.806409,-0.419533,16.122694
0.471502,-0.557253,2.8309,-0.381727,2.193063,0.472275,44.498068,0.873549,-0.4602,0.117389,-1.06547,-0.310767,-9.837536
0.952625,2.008315,-2.990088,0.966182,0.310441,-0.920991,24.877438,3.714057,-0.019166,0.74843,-0.241475,0.084871,-8.893858
0.768921,-1.172779,-2.823724,0.15469,2.238289,1.540302,19.945136,1.446506,0.338907,-0.96625,2.948617,-0.487452,1.893431
0.915972,0.211422,-2.191965,-1.956878,2.935145,0.564057,10.860226,1.241772,-0.464346,-1.325158,-1.616575,-0.165948,3.156969
0.286326,0.072043,1.62049,0.388269,0.596003,-0.006585,41.615785,0.998873,0.245405,0.172865,-1.502854,-0.423957,9.707979
0.320407,0.919053,0.344215,-1.293331,1.369257,-0.493691,77.053341,0.654057,-0.024393,-0.926368,0.890438,0.153602,9.579945
2.153569,-1.011643,0.17562,-1.013437,1.68754,-1.029432,21.303922,1.814497,-0.029103,0.308228,-2.116116,0.331355,-1.646241
0.910011,-0.888672,1.544948,-0.67964,0.508595,0.308047,95.851415,2.788123,-0.067495,0.765713,2.68047,0.463116,9.357406
1.690746,1.596037,1.714946,0.394659,0.305999,1.907256,7.806715,3.05233,0.367634,0.488928,0.346938,-0.094275,18.120339
0.683031,-1.079267,-2.330333,1.093017,0.463228,-0.223418,78.42111,2.959233,-0.249317,-1.975717,-0.0854,-0.380833,27.55519
7.124342,-1.018415,2.335346,1.506555,1.889782,-0.86434,97.41393,2.746463,-0.497253,-1.910119,0.516825,-0.047026,25.289394
1.415773,1.005183,2.103402,1.994521,0.156293,-1.009406,1.292032,3.724256,0.162912,1.304223,-2.884978,0.413141,14.470708
0.911001,0.166184,0.757371,-1.872865,0.49764,-0.035188,3.994536,0.169562,-0.000313,-0.661144,-0.866084,0.105574,-2.56865
4.267675,-1.790422,1.239123,0.829603,0.970292,0.46694,87.01925,1.099192,0.190198,1.323869,0.490137,-0.349425,24.281394
1.240863,-0.191458,0.691896,-1.897578,1.656895,-0.162266,72.032563,2.876329,-0.006221,-1.426335,2.586764,-0.269141,-4.551167
3.461139,-0.616243,1.105828,-1.901562,0.422411,0.535293,45.731821,0.283989,-0.266232,0.842957,1.941354,0.152323,-11.788129
2.139148,-0.563089,0.287861,-1.103687,2.592219,-0.223747,42.353971,3.368537,0.432747,1.119767,1.436015,-0.327812,14.902859
1.103588,-1.223584,0.900406,0.525464,0.425976,0.28557,41.782825,1.01965,0.020935,0.661929,1.895047,0.029474,3.959229
0.692749,0.660299,2.631719,-0.600929,4.787072,0.313451,22.542081,1.189804,0.464974,0.37641,-0.441666,-0.448878,24.790118
0.962846,1.196961,-0.631145,-1.1118,0.988726,0.562913,34.889062,2.443174,-0.316674,0.442297,-0.213343,-0.257351,6.952917
3.745366,2.876631,-0.795777,-1.758305,1.57564,-0.354451,35.188389,1.389913,-0.185066,0.936257,0.262744,0.450289,0.675556
0.578109,-0.743531,1.79187,-0.878159,1.068094,-0.357459,32.564374,0.341401,-0.202668,-0.868061,0.78397,0.096025,8.370927
1.057911,-0.571075,2.849425,0.692122,0.171735,-1.585066,78.940158,0.560813,-0.141349,0.057423,0.490431,-0.440628,0.543061
0.400459,-0.373252,2.929561,1.559404,1.472427,-0.342678,89.222812,3.473767,-0.456825,-0.491875,2.14972,0.166995,21.695453
2.691703,-1.024328,0.956206,0.278809,0.149489,-0.274794,86.780073,1.558389,-0.308101,-0.132457,-0.673226,0.134395,12.553368
0.142226,0.811599,1.200545,-0.4076,1.611326,0.192294,16.108401,2.309075,0.449016,0.329871,-0.904622,0.437284,21.334944
1.253224,1.280784,0.773114,-1.712629,0.34649,1.127784,89.330107,3.472656,0.072895,0.919636,0.047614,0.176174,5.157509
4.174328,-0.055608,0.791835,-1.703245,2.255529,0.01747,23.250976,0.303203,0.292775,-0.822018,-1.972361,0.307856,5.965663
0.196179,2.052991,-1.531833,1.473923,1.252289,0.211277,63.321036,0.670756,0.441222,-0.817697,1.325515,0.408803,10.290477
0.237086,-0.102709,-2.498741,-1.675819,0.695809,-2.163932,42.0319,0.261502,-0.293537,-1.086923,2.175919,-0.241045,1.527339
0.847564,-0.826133,2.523586,0.591283,12.78358,-0.340903,2.499088,0.547601,0.437281,1.924319,2.405969,-0.017642,46.431537
0.431102,0.805895,-0.193816,-0.209897,5.228035,-1.162685,97.356128,2.002074,-0.09036,1.62717,2.281746,-0.329849,28.962345
0.201718,-1.140261,-0.298237,0.609752,0.970105,0.24336,38.626473,1.758169,-0.137617,0.337132,0.78782,-0.283992,-3.993475
1.14032,-0.48966,-0.575991,1.329552,5.441266,-0.9749,45.652792,2.137909,0.303505,1.112666,-2.41925,0.340604,22.463695
6.448453,-1.433577,-0.024028,-1.725662,0.483141,1.143792,26.386017,0.35924,0.208805,0.70396,1.681209,-0.076671,-13.240138
3.046665,1.577706,-1.254255,1.032318,1.322314,-0.432064,9.44984,1.612674,0.309505,-0.423473,-1.511475,-0.252707,1.621825
1.814362,2.22543,-1.764113,1.586199,0.845976,-1.395916,79.051992,0.024229,0.198073,-0.466914,1.159931,0.130421,12.58618
0.873466,-1.165949,-2.841901,0.51488,0.765357,0.3487,83.986913,2.217583,-0.342215,1.396983,1.877114,0.256492,25.840206
3.610759,-1.028947,0.864032,1.11269,0.430278,0.758791,19.972081,1.601181,-0.126571,0.111548,0.232957,-0.298594,-1.238628
1.886101,1.180106,2.995127,0.706388,2.077529,-0.427593,49.472869,2.294196,-0.357561,0.270996,1.748478,0.001565,3.840706
0.338996,0.58421,1.30959,-0.029981,1.800761,-0.098809,99.624927,1.557969,0.482584,-1.28306,-1.708605,-0.107086,26.2772
0.348743,1.211674,2.970483,0.16267,7.365817,-0.018113,87.361331,0.796339,-0.249936,-0.141312,1.461907,-0.076641,17.575727
1.415953,-1.939257,-1.382153,-1.438215,1.442146,-0.299278,99.349368,0.729671,0.182962,-1.468472,1.318402,0.42742,7.820073
5.196817,0.750161,-1.295909,-0.555081,0.801934,1.968947,82.76394,0.335481,0.475906,0.988838,0.408061,0.077118,15.139224
1.100597,1.028981,1.89514,1.564952,0.750329,0.558512,62.94179,0.832137,0.294913,-1.154695,-2.100869,0.354518,31.723087
1.829795,-0.957377,-1.855598,-0.762763,0.233324,1.353696,52.656737,1.39661,-0.01324,0.218275,-1.150003,0.449807,-4.383854
1.294835,-1.280349,-0.046641,-1.852027,0.305266,1.560669,77.807148,3.420054,-0.073137,-1.48208,-0.952011,-0.479316,3.768349
1.294501,2.820953,-1.807344,-1.537914,0.787045,0.009276,79.178258,1.139276,0.087298,-0.613392,1.317293,-0.16178,3.554891
0.650175,0.170323,2.381149,0.07718,0.443087,-1.955121,91.808058,0.451498,-0.196087,-0.451088,1.343897,0.034558,12.859813
0.280883,-0.340139,-1.361239,1.813237,1.084834,0.189645,3.503922,3.362489,0.395307,0.960261,-1.776306,-0.344847,19.352352
1.469946,-0.28418,0.837735,-1.687357,3.94974,0.62539,84.367128,1.158406,0.422032,-0.186661,0.097888,-0.262735,17.721664
1.109767,0.088469,-1.928507,1.124614,1.357112,0.405472,28.372929,1.809732,0.291225,-1.088901,-0.088619,0.083264,-10.509309
0.3637,-0.503248,-0.970853,0.285314,1.056316,0.947073,64.217781,3.51336,0.43129,-0.449263,-0.959472,-0.439629,4.720231
0.782029,1.046067,-0.391678,-1.775039,0.478592,0.595442,88.796921,0.383521,0.09438,-0.126928,0.856149,-0.001015,1.142416
1.672625,0.684523,-2.965673,0.37866,0.350597,1.992965,48.691541,0.638102,0.428639,-1.506602,-2.517888,-0.08568,-10.275474
1.589658,-1.949098,0.64494,-1.38811,2.707151,-1.238458,89.521954,3.69963,-0.325616,1.964357,2.636834,0.091196,16.114951
1.978453,1.124405,2.600266,-0.559673,1.833027,-0.13602,81.543944,0.104076,0.400487,1.987625,-0.116657,-0.103957,45.858824
0.229237,0.69655,1.250219,-1.331791,0.215746,0.459521,48.256305,1.489731,0.019534,-1.190444,-2.294975,0.494216,3.29243
0.901189,1.138472,-0.61446,0.071338,0.59483,1.294301,95.486818,2.62033,0.01295,-1.669937,-1.480165,0.112594,22.421944
0.616754,1.456265,1.268335,1.666017,3.914682,1.400688,71.439042,2.639989,-0.23084,-0.492504,2.238482,-0.216,29.104267
2.324614,-0.507862,-2.365475,1.848428,1.189496,0.026493,22.657888,1.579906,0.480552,-1.790057,-0.218347,0.067937,16.919254
1.497695,0.939783,0.497672,0.317845,0.45684,-0.115921,61.45028,2.864187,0.483005,-0.939547,-0.824358,0.176672,10.374815
0.671372,-1.093258,2.087142,1.349526,2.057312,-1.010319,21.432529,1.407996,-0.276533,-0.124951,-1.701064,0.358001,18.301113
0.740153,-1.667427,-2.01591,1.263373,0.777337,-0.023257,89.768524,3.20907,0.320084,-1.865492,1.057883,0.41166,18.001085
0.104422,0.628647,-0.156569,-1.822937,2.194741,0.176822,42.247561,3.18246,-0.223413,0.8754,0.3473,-0.446235,0.91872
1.374463,0.341806,0.886873,1.486796,0.485273,1.356619,27.175076,3.430747,-0.0294,-0.987213,2.08242,-0.475002,19.116198
2.698677,0.199362,-2.624067,-0.434726,3.542168,0.256701,87.291439,3.245007,-0.038315,-1.288506,-1.215186,-0.396456,30.030149
10.67881,0.104582,-2.669169,-1.97167,11.121775,-1.01418,86.899552,2.185016,-0.003968,-0.685609,0.71413,-0.211335,14.566288
1.65579,0.296428,-1.0328,0.998052,1.928585,-0.158517,89.488949,3.075075,0.007159,-0.537578,0.042137,0.4667,20.795995
2.806005,1.467092,2.34655,-0.962134,0.746387,-1.003663,73.86114,2.474081,0.456295,0.514226,-1.939822,-0.475768,25.996213
0.719278,1.544731,2.426969,-0.027417,1.224374,1.245027,75.370222,0.06992,-0.34194,-0.412828,1.385542,-0.29466,14.441389
0.818924,-1.201141,-2.172804,-1.39826,0.296868,-0.243677,44.612401,1.334603,0.056409,1.948587,2.633678,-0.289386,-2.318222
1.183447,0.549116,0.140522,-1.111362,0.170271,1.140513,4.387524,2.499837,-0.200534,-1.552975,0.65359,-0.104611,-0.953227
0.90215,1.108727,2.891405,-1.765194,1.114559,-0.666082,12.307268,2.608823,0.256126,-1.597923,0.844363,-0.355165,13.89844
0.074616,-0.123902,-1.502055,-1.310106,0.98521,1.31108,43.206075,0.818329,-0.191146,1.37589,1.544391,-0.177392,-1.041206
1.286094,0.03203,0.743745,1.927268,1.156303,-0.288327,58.05185,0.562666,-0.180909,0.203278,-2.438313,-0.414283,13.023238
0.371634,1.183485,2.395882,-0.460829,2.168503,-0.325713,55.068982,3.054552,-0.397887,-0.605494,-0.654441,-0.054113,-0.835012
1.987053,-0.070599,-0.817795,-0.740421,0.906192,-1.135206,67.89338,0.928655,-0.093593,-1.024755,-2.344564,0.314822,9.831212
1.112366,0.203449,0.145015,0.374718,0.845467,-0.523446,99.950953,0.671239,-0.30665,0.722867,0.479344,0.31538,12.787853
4.790652,-1.276315,0.185294,-1.612699,2.704085,-1.722597,15.188786,3.197993,0.109227,1.108195,0.237183,0.173091,17.505863
0.078103,-1.777497,2.426245,-1.03321,0.162378,-0.98093,59.388804,0.342112,-0.357786,-1.239819,-2.822144,-0.451529,9.455242
0.867246,1.174831,1.865468,-1.815092,0.579031,0.522518,11.340539,1.974251,0.226319,-0.004773,2.36634,-0.116319,0.450846
1.701194,1.247059,1.143522,-0.13807,0.839276,0.88854,6.811715,3.895343,0.391374,1.539221,2.924766,0.061043,7.322228
2.27808,2.402639,2.2521,-1.563535,0.835296,0.107578,25.40641,3.331076,-0.467955,-0.397723,-2.217246,-0.288637,-8.383977
0.590786,-0.180878,-1.438569,1.547484,0.949914,1.487252,7.402024,1.319403,-0.124091,-1.796832,2.948912,0.453979,28.770292
2.086679,2.163576,-0.061176,-1.51973,2.42218,0.141597,6.341309,3.638596,0.445351,-1.440089,-2.33137,-0.209206,3.320271
0.760603,-1.142922,-1.20549,-1.904032,0.394604,-0.208403,26.856922,2.790533,0.069389,1.604459,-0.403107,-0.058265,-20.156209
0.495899,0.979435,0.650767,0.769573,0.453186,1.192622,30.886098,2.155481,-0.35821,1.902045,-1.73331,-0.241272,22.350235
1.679595,-0.293005,-0.623546,-0.919134,1.847913,0.748568,85.958314,2.833789,0.185352,-1.74354,1.779753,0.376569,11.794062
1.123668,-0.003689,-2.963684,-0.9788,6.734881,0.32417,89.043657,1.367497,0.413906,0.047205,0.762029,-0.434145,-5.73514
0.496916,0.763454,0.967338,-0.727941,1.802645,-0.451854,23.813557,0.091209,-0.030012,1.457793,1.803019,-0.368619,21.989977
0.341465,0.362432,-1.955268,1.543162,0.394472,0.957299,2.184429,2.018219,-0.077113,-1.397717,2.282701,0.039564,19.121309
2.578734,-1.334976,-1.236412,1.682128,0.283704,0.547081,95.690982,1.85289,0.070173,1.046594,0.921317,-0.033865,9.934885
0.687396,3.152846,-0.143601,-1.129377,2.055746,-0.067009,22.65694,2.233075,0.425688,-1.823355,1.968695,-0.488748,19.174263
1.065645,0.04683,-2.783425,0.155042,0.165654,0.650379,79.557278,3.241339,-0.208392,-0.101238,0.775715,0.232532,4.458991
0.499637,-0.541819,2.170406,-0.204946,0.376669,0.08071,8.81503,0.337647,-0.372118,0.061742,-2.854643,-0.44652,2.834814
1.248007,0.03603,-1.49117,-0.332334,1.673114,1.79983,1.235937,1.576563,0.176409,-1.032611,0.72959,-0.409247,0.301398
1.002113,0.635112,-1.085186,1.477675,0.539064,-1.226399,61.933555,0.685965,0.221765,1.999257,1.446856,0.456666,20.507661
1.885474,-0.356746,-0.827704,-0.933748,1.431602,1.6426,60.106459,1.977651,0.474987,-0.832755,0.543231,0.110534,9.967401
0.685949,0.477788,1.322421,-0.468468,4.693996,0.457169,82.500864,3.810017,-0.268391,-1.679231,-0.791228,0.461976,23.920353
0.471135,-1.168147,-2.453529,1.079981,0.301712,-0.08868,55.141931,2.729684,-0.480485,1.249488,-1.395274,-0.47606,3.773536
0.252208,-0.022881,2.707437,0.735213,0.89984,0.328911,13.442173,1.7598,0.098151,1.639243,-1.010738,0.131917,11.931505
1.572752,0.648784,2.272077,-1.411456,0.482897,-1.570911,71.595209,2.930566,-0.016053,0.078304,2.575002,0.098489,1.056815
0.50975,-0.970296,-1.854321,-0.314965,1.792474,-1.005477,65.94034,3.462963,-0.035518,1.174009,-1.307524,0.244686,22.198484
0.314223,0.745246,-2.156836,-1.850939,0.603155,-0.534607,90.231886,0.805122,0.234721,0.37463,0.974964,0.182659,-16.663305
0.276719,1.125803,2.864085,0.317333,3.223123,-0.370555,89.25554,0.174238,-0.384343,0.35054,-0.246979,0.04586,15.562567
0.398133,-0.922514,-0.04145,-1.200189,0.413626,0.872654,19.500758,0.569552,0.197888,0.5216,-1.873677,-0.32457,-10.368529
0.097737,0.364747,1.958322,1.629929,1.125944,-1.349977,12.126331,2.043465,0.409372,-0.194365,0.399683,0.295309,22.993064
0.913499,0.801249,-1.482747,-0.912906,2.63258,-0.615666,77.563599,3.935693,-0.431459,1.371363,1.427363,-0.179277,27.577594
1.851554,0.592855,0.745203,-1.701976,0.345756,-0.421479,19.694431,1.730457,-0.261873,-0.441615,0.929332,-0.16655,-23.498814
0.17127,1.49159,2.73445,-1.772189,6.992425,1.10459,66.556529,0.604516,-0.403595,1.047141,-0.951778,0.204942,1.283391
0.250021,0.296368,2.271143,-0.546711,1.536503,1.82041,45.163565,2.976953,0.184926,-1.421416,1.717298,-0.398926,17.382123
0.819039,-1.600587,2.301978,-0.039044,0.115426,-0.238313,77.003217,1.450422,0.452397,-1.20284,2.849465,-0.172394,29.111722
0.648287,0.01705,2.349565,0.808775,0.850965,-1.237097,49.944737,3.979985,-0.008996,1.380796,-0.80134,-0.236183,16.33979
1.044984,-0.257484,-1.783378,-0.34852,1.275071,1.65876,17.35958,1.772107,-0.273343,1.922279,-2.740344,0.132589,11.152288
1.594334,0.557485,-1.84714,-0.209444,2.309062,-0.491637,3.414467,2.624892,-0.310968,-0.134044,-0.309489,0.44064,-0.806058
0.240747,-0.638697,0.303217,-1.836174,0.189369,-0.093296,9.570277,1.404098,0.00346,-1.951154,0.275069,-0.435615,-8.35446
0.799537,-0.769093,-1.946825,1.603961,1.115436,0.779513,72.327968,1.470991,0.205916,-0.292943,-0.992578,-0.260389,15.563425
2.038261,0.567418,-0.268576,1.609926,1.325813,-1.122464,64.094438,0.562607,0.174265,-0.903551,-0.112761,-0.183994,25.415191
0.933598,2.892018,0.735137,-1.827396,0.708492,-1.183323,12.558873,2.961467,0.107219,1.510507,-0.081406,-0.412366,2.515587
2.757065,-1.948595,1.870125,1.86474,0.642346,-1.328069,4.354,0.24842,-0.047531,0.68119,0.513524,-0.374416,33.955482
2.763841,0.994042,1.395499,0.220847,0.511763,-1.27934,39.609951,3.519377,-0.424205,0.222969,-2.16032,0.255842,0.493163
1.356574,0.203245,-0.284301,-0.90938,0.484063,0.162021,87.815367,2.777982,-0.364987,0.793326,-1.656815,0.109869,1.239083
0.562783,1.663252,0.506198,-0.415627,2.499343,-0.014742,69.555635,1.410545,0.051241,-0.999622,1.079901,-0.220571,26.597516
0.924001,-0.989055,-2.37073,-0.205472,1.594269,-1.223354,12.755379,3.421506,0.36357,1.650148,-2.657813,0.354353,8.176462
1.539264,-0.222761,2.200861,-1.033486,2.123636,-0.951021,14.323368,3.833505,0.371342,-1.36778,0.156277,0.143546,11.373817
8.170292,-1.023288,2.5233,-1.349994,0.753744,0.322617,12.166552,0.770721,-0.119894,0.818049,1.077337,0.138702,-2.480387
0.26527,-1.523915,2.336466,-0.465263,0.88595,-0.935684,72.77052,1.776943,0.041272,1.487466,-0.729064,0.180513,22.017435
8.551797,-0.443822,0.877883,-1.899066,0.443745,-1.849124,1.847192,0.44723,0.025464,1.968909,1.933169,0.470465,-1.401453
0.501617,-1.820966,0.975168,0.554079,1.416722,-1.394115,20.968323,1.303529,-0.192039,0.781251,1.343417,-0.441977,15.191335
0.596694,0.220923,1.5749,-0.737942,0.208769,-1.238578,19.171142,1.643318,-0.45035,-1.795052,-1.996549,0.419719,5.525736
11.926008,0.031091,-1.729525,0.456207,0.152839,-1.223887,46.027596,1.102686,-0.381157,1.335515,-2.096685,0.374649,8.154202
1.40522,0.638165,-2.011228,-1.048881,0.440856,1.1744,94.154447,0.103768,0.410332,0.904693,2.551952,0.285756,-2.650731
1.004033,-0.143305,-2.387941,1.697867,0.787788,-1.542469,38.899132,1.764419,0.096907,-0.041164,0.484633,-0.230443,-1.077094
1.464708,-0.39926,2.759349,1.551225,0.920766,-1.086039,94.656137,2.284207,0.401169,-0.844254,-1.879023,-0.08787,39.295539
0.843137,-0.517823,-0.35854,1.016847,1.466388,-0.13546,27.298407,0.790909,-0.342507,-0.826513,0.334069,-0.120273,0.086755
1.501531,-0.314493,2.070655,1.41697,0.317992,-2.192428,22.14641,3.179967,-0.143775,-0.957003,2.820592,0.263609,13.437781
0.639849,-0.211739,2.148963,-1.901742,0.190364,-1.55819,72.590397,2.329529,0.315179,0.53039,0.034349,-0.417457,13.364285
1.046837,0.29431,-0.89069,0.332311,0.746487,0.088609,41.365402,2.595181,-0.475634,0.799222,2.589842,-0.230075,8.17987
3.050195,-0.0321,-0.976959,-1.702362,3.616041,1.566677,63.096381,1.167408,0.339266,1.303673,-2.111203,0.076964,9.495427
0.203787,0.441277,-0.381914,-1.664959,0.317485,0.342439,1.682595,3.34552,-0.329534,-1.7343,0.439025,-0.145609,3.177387
3.099869,-0.985351,1.448547,1.238625,4.828181,-2.396385,42.001543,3.146433,-0.407296,0.649606,0.72175,0.39475,17.779415
0.754386,0.616797,2.701142,-0.44754,1.437953,-0.661322,59.267364,1.290474,0.24574,0.983327,0.639911,-0.133067,22.119999
2.35744,0.314198,-2.639664,1.606653,0.763948,1.275034,15.01742,2.09317,-0.358019,-0.691165,0.713823,0.313789,28.287688
1.776311,0.043422,-2.995587,0.779678,4.435649,-1.299708,97.719805,2.453203,0.318262,-1.690196,1.10475,-0.327122,21.12915
7.059583,0.329909,-2.343507,1.909242,0.345396,-1.153334,77.468206,2.547994,0.332185,1.133323,-0.341228,0.152871,13.686323
0.549853,-0.129406,-0.332507,-0.288091,1.076247,0.115923,50.096518,2.582586,0.482428,1.425329,-2.859797,0.415852,2.736944
0.153007,-0.826803,0.657414,0.262288,0.434066,0.465739,5.128708,3.243074,-0.10169,-1.086163,-2.937425,-0.352481,4.208036
0.245388,-0.506651,-1.91859,-0.234847,0.617135,-1.066222,7.819906,3.238811,-0.481113,1.42697,-1.31656,0.265068,21.350711
0.760614,-0.531014,-2.229157,-0.416801,0.183344,-1.117686,89.809109,0.33254,-0.193455,-1.352255,0.926481,0.075796,16.035972
0.218382,0.657298,0.003124,1.386318,0.23828,1.299112,62.370394,1.594856,-0.244967,0.615249,-1.915833,-0.320683,9.338633
2.16495,0.825559,2.324945,-0.667704,2.336404,-0.876066,19.866547,1.199853,-0.370451,0.230602,-2.039753,0.121668,4.20406
5.908831,-1.135984,0.41369,-1.440138,0.438672,0.647965,58.318815,1.723501,0.317926,1.913721,-0.253277,0.419057,1.80318
0.170326,-0.21352,2.374923,1.183972,1.896436,-0.667744,10.843115,0.573043,-0.158799,1.426273,0.65248,-0.042134,16.259181
1.153683,-0.95693,0.336933,1.86912,0.861933,0.406903,60.959299,0.757593,0.478229,1.795313,1.318931,-0.402583,35.161517
0.051758,-1.045526,2.86948,-1.397264,1.03445,0.651218,30.90427,0.658786,0.2793,1.351391,-2.605006,-0.409589,1.23008
1.885848,-0.108479,2.674294,0.759174,1.170138,1.117822,8.227931,3.34199,0.056098,0.019381,-1.584349,-0.348346,11.841215
1.891992,-0.669464,-1.6756,-1.800493,0.605477,-0.831949,96.387959,0.929139,0.149954,-1.494247,0.848896,0.204271,-0.898862
0.827303,0.477944,-1.61264,-0.871856,1.251662,0.311289,74.400462,2.825327,-0.431139,0.595478,-1.157755,-0.0239,-2.128401
0.393212,0.651123,2.262437,-1.768168,0.078137,-0.996628,51.634196,0.892918,0.113412,1.578137,1.727362,0.212035,-9.246527
0.77285,-1.183262,0.677688,0.522398,1.878346,-0.65793,77.597831,2.687357,0.464629,1.257854,1.256523,0.234755,16.3203
0.942456,-0.334,1.874757,-1.514091,0.180796,-1.38276,61.089957,0.869218,0.378944,-0.887888,0.512648,-0.150099,10.05397
1.391059,1.253551,-0.198081,-0.825218,0.626295,-1.947813,5.183771,2.33986,-0.441454,0.127474,2.885643,-0.382783,10.03329
2.555512,0.733657,0.969781,-1.018906,2.295745,0.482288,22.990601,1.168642,0.310423,0.408239,1.51842,0.39172,10.979593
1.819424,-0.785279,1.67867,-1.559749,2.006798,-1.421663,6.257244,0.609464,-0.333811,-0.863387,1.431158,0.146112,-14.311039
9.618735,-0.394026,-2.82092,1.18237,1.182644,1.030734,15.634254,2.866416,0.446501,0.138072,1.743868,0.03416,-9.885232
3.984057,0.01785,-1.565287,1.090766,0.438694,-0.71768,23.082907,3.912546,-0.365434,1.166823,1.803584,0.297406,3.468893
0.804033,0.310843,-1.005367,0.635118,0.959627,0.404057,32.00875,1.750863,0.49258,-1.917753,1.476889,0.453042,3.598461
3.396127,2.283371,1.493614,-1.768144,1.058517,1.14695,35.502068,0.505221,-0.352661,0.013656,-2.109897,-0.449394,-12.194446
0.38172,0.885146,2.108579,0.294812,0.564024,-0.195983,23.748297,2.002062,0.068204,0.132553,0.221274,0.158914,15.212535
2.761743,1.240958,-1.901876,-1.836886,0.255589,-0.536486,77.114178,3.437423,0.481169,-0.625429,-1.789398,-0.205143,-10.502769
2.567391,-0.903051,-2.948806,-0.07532,1.8897,0.416213,15.037831,2.078819,-0.175175,0.888032,-0.739464,0.322414,7.349529
2.562141,-1.175358,-1.188825,-0.504824,1.470714,-1.674762,16.529753,0.391892,-0.041548,-0.92365,2.824056,0.160329,10.287831
0.737501,-0.050134,1.566163,-1.73665,4.638061,-1.186688,48.033217,0.340097,-0.436331,-1.304047,0.877978,-0.185217,3.807703
2.721384,-0.322332,1.954198,0.210258,1.982026,-0.682707,88.794634,2.370248,0.243471,1.964003,-1.14918,0.439902,51.998027
0.426419,-1.668074,-2.945425,0.17142,4.935949,0.446216,75.407733,2.271802,0.38568,-0.148757,-2.36402,-0.40386,10.390714
0.100599,0.705113,0.351466,-0.903856,1.070312,1.987992,39.76272,0.411572,-0.038993,1.089486,-1.209067,-0.230862,7.03982
2.394873,0.316029,-1.21648,0.103524,1.730965,0.152932,4.462033,2.485839,0.343858,0.153251,-1.957684,-0.334166,4.165075
1.889992,0.344181,-2.808207,1.370699,0.542996,-0.060975,75.578234,0.775513,0.217296,1.578424,1.146163,0.178659,14.154147
2.061513,0.102245,-1.912783,-1.783512,0.168069,0.453558,99.962168,3.280362,-0.325127,-1.545295,-2.501587,0.201186,14.19902
1.390265,-1.272653,-1.465065,0.030014,3.188491,0.605868,8.896344,0.958648,0.266083,-0.096894,-0.032777,0.078622,-0.852178
1.496663,-0.188331,0.24916,1.519757,0.697424,-0.512116,11.80423,3.101812,-0.434348,1.081498,-0.240577,-0.192909,26.788905
1.655226,1.634977,1.389733,-0.707525,2.308253,1.01748,57.097809,0.376531,0.424464,-1.487332,1.249175,0.17987,19.734656
1.000816,-0.631752,-1.784352,-1.887643,0.369995,0.087282,31.778406,3.95458,0.151078,-1.04891,-0.5621,-0.032277,-23.627346
0.739779,-0.449056,2.168761,-0.430582,1.031472,-0.86692,42.252093,0.242707,0.431117,1.290042,-2.712226,0.456237,33.318398
0.346809,0.407241,-0.027212,1.97102,0.408836,-0.329399,68.237427,1.439425,-0.04128,1.896534,-0.248702,0.221274,48.694431
0.631095,-1.473658,0.270205,0.5758,0.836209,-0.676052,24.502275,3.517177,0.372249,-1.993682,-0.547013,0.463139,13.984941
7.744564,0.323738,-0.132694,1.306225,0.512274,1.050523,59.505308,2.927291,0.3192,1.856998,-1.745374,0.099766,13.851152
0.19336,0.40052,-2.370605,0.254848,2.54536,0.509488,99.765578,3.551597,0.47815,0.617369,-2.339939,-0.323239,3.585381
0.654814,-1.001015,-1.53533,0.749869,0.621809,-0.416646,37.557923,1.308203,0.183683,1.439822,1.730256,0.362308,16.71029
1.501046,0.220969,-0.909369,-1.638024,0.350071,0.394693,72.045153,2.642718,-0.280909,0.973925,1.028063,-0.420866,-9.260291
1.04736,-1.50284,0.505669,-1.641586,0.641883,0.380675,21.215693,3.929354,0.478521,-1.160596,1.191733,0.472406,-4.909353
1.006632,-0.937005,0.049005,0.409631,2.800896,0.099007,67.942016,0.623234,-0.332479,-0.862616,-0.989361,0.397216,20.830591
10.304344,1.473813,0.851773,0.47902,0.701442,0.68924,31.257642,2.516918,-0.171923,0.350309,1.765035,-0.306395,-2.104264
0.533801,-1.694029,-1.003966,1.389656,0.493893,0.473766,61.940786,2.817504,0.000437,0.590631,0.733919,0.02561,13.294583
1.242096,0.367125,-1.255804,1.024612,0.443178,0.895698,75.631311,3.449415,-0.102684,1.498591,1.693683,-0.086464,23.87097
9.871725,0.080376,-2.027826,1.628756,1.765267,-0.977037,39.473814,0.549795,0.071739,1.697752,-0.457534,-0.47815,10.597745
3.569088,0.271675,2.144301,1.335818,5.645781,-1.433015,20.409691,0.16058,0.251671,0.660433,0.87025,0.03105,25.871414
1.459017,-0.232282,1.267101,1.221997,0.730103,0.325124,93.161651,2.271949,-0.436841,-1.2965,-0.52107,0.394557,23.521058
1.421985,1.465401,-1.412987,-1.617842,4.054044,0.200505,76.746009,1.388221,0.229259,-1.456496,-2.909696,-0.103078,14.982934
1.482399,1.797244,2.247838,0.199061,0.686635,-1.477796,20.514603,2.286725,0.053356,-0.071543,-1.64347,-0.215659,12.026672
0.165286,-0.877231,2.131211,0.13041,0.590614,-1.673694,88.26436,2.407579,-0.182624,0.158773,-1.943845,-0.312718,13.969699
1.013273,0.353247,-0.109423,-0.016877,2.421131,0.786868,88.62509,0.320565,-0.30015,0.135764,-0.993398,0.20668,22.501435
2.395149,-0.012541,-0.020847,0.320311,2.527307,-0.109427,96.59702,2.106134,-0.091464,-0.483967,-0.713763,-0.466034,18.072548
0.349492,-0.519464,-1.409233,1.695901,7.406786,0.991728,44.986127,2.434973,-0.103046,1.512158,-2.933759,0.190803,19.575963
0.259434,-1.197627,0.425841,-0.10381,0.808604,0.672114,94.26027,2.890713,-0.481538,-1.333615,-2.565163,-0.2344,12.276951
0.732523,-0.659733,-2.898971,-1.658667,0.207872,-0.175947,48.977521,2.359884,-0.305044,0.063449,1.013933,0.226679,-3.796931
1.301462,-0.419281,-2.481054,-0.446598,0.970825,-0.73602,48.097321,3.990818,-0.404869,1.684966,2.987198,-0.400373,13.334034
1.614249,-0.460712,1.572943,1.688568,0.306151,1.732338,59.631216,0.638319,0.18938,-1.028156,1.617919,-0.461159,15.905109
1.094615,-0.260779,0.019489,-1.055749,1.340615,-0.22355,89.625012,1.602634,-0.365333,-0.229671,-2.28676,0.0029,14.68253
2.471047,0.51565,-0.446898,-1.104232,1.165066,-0.384536,66.123675,1.044976,-0.412317,1.865603,0.365603,0.05066,24.273743
2.125641,-1.062661,-2.000077,-1.106751,1.482888,1.074467,91.793629,0.87208,-0.351857,-0.640032,2.94385,0.072362,9.254906
0.057593,0.254299,-0.096825,1.537881,0.80134,-2.00311,37.93584,0.796488,0.015234,-1.810367,2.916989,-0.17651,14.592539
0.807187,-0.792182,-2.534406,-1.878987,4.256428,-1.990216,10.756801,0.821777,-0.337322,-0.498203,2.725611,-0.420946,-9.926154
0.4236,0.063783,-1.377037,1.962951,0.971684,-1.374146,41.397183,2.813759,-0.31135,-0.903017,-0.630531,0.392748,21.003931
0.665231,1.501789,0.947626,0.110569,2.805945,-0.319415,98.994612,0.862473,-0.494413,1.694057,-1.099952,-0.351363,21.673245
0.319813,0.619817,-2.500962,-1.506361,0.138123,-0.057548,90.390059,0.13663,-0.241804,1.934448,-2.521316,-0.070596,18.745463
0.970585,0.242811,1.83066,-0.195759,0.930174,-0.265393,96.504718,3.855746,-0.195852,1.39864,1.715657,-0.36812,9.621248
0.293518,-0.396112,0.247383,-0.647584,1.715467,-0.718506,28.459971,1.664126,-0.320556,-0.473686,-2.595049,0.171355,7.778119
1.539213,0.026905,-1.422559,-0.629965,0.612157,-0.042699,96.787467,3.363235,-0.243896,-0.545533,-0.389248,-0.292429,24.034543
4.31663,0.022581,1.422352,-0.363918,1.865302,0.853497,51.992711,3.403701,0.035625,-1.151482,1.801678,0.20782,20.732664
1.148317,1.902597,-2.890684,-1.271095,2.072039,-0.032026,65.930247,2.761167,0.432488,-1.11395,0.153417,-0.294821,-5.84359
1.926905,-0.005356,-0.392998,-0.034095,3.958872,-0.357435,8.848376,3.507435,0.351361,-0.887719,-0.38785,0.379188,11.660456
2.705342,0.440171,-1.012732,-1.405889,1.749425,0.298298,91.781802,1.366863,-0.442152,-0.610225,-2.004378,-0.317662,18.418929
0.418922,2.498286,-1.65326,-0.073766,0.670299,-0.091736,58.414407,0.833665,-0.128051,0.05556,-2.26252,0.334256,-2.702242
0.322936,1.148988,-2.478285,-1.630048,3.171877,0.712623,69.222841,3.772261,0.490818,-0.39312,2.631099,0.352982,-15.088179
0.411435,-0.087064,0.131921,0.218241,0.17618,-1.528957,58.545438,3.745708,0.407932,-0.105215,-2.831627,-0.21686,-6.774053
0.529574,-0.59425,0.180773,0.324138,0.878585,1.434966,32.919545,0.584915,0.025725,1.580155,-0.36897,-0.098767,3.954672
0.402708,-1.523362,0.074297,-1.335324,1.507874,0.917588,34.520032,3.686013,0.456302,-0.649586,-0.235324,0.037979,-4.541586
5.867112,1.694396,0.680779,1.232539,0.583543,-0.869317,58.40263,0.755614,-0.394734,0.741592,0.37526,-0.325793,-0.610687
1.991236,-1.132542,1.057778,-0.146402,1.191976,-0.09461,7.800109,0.336548,-0.405729,-0.223281,-1.85735,0.407638,2.861676
0.784878,-1.140564,2.394121,0.381011,6.542056,-1.756136,44.453769,3.059895,0.288374,-1.949791,-0.650029,-0.286928,35.389782
1.31491,-0.984308,-1.971159,1.57702,0.464503,1.186196,52.587105,1.885276,0.044353,1.351704,2.58158,0.128993,4.675546
3.97242,1.602446,-2.558801,0.432088,2.396498,-0.679993,43.357602,1.969351,-0.053548,-0.439553,-1.643945,-0.2503,3.163737
0.484402,1.060557,0.534119,0.958165,0.173939,0.274862,47.62009,3.539462,0.352523,0.455925,2.593218,0.397006,-0.402598
2.285395,-1.246258,-2.00951,-0.395082,1.319377,1.544228,57.50072,1.089211,-0.382562,-1.741668,-2.31722,-0.252262,27.564959
1.421358,-0.349686,-2.492666,-1.030162,3.757668,-0.229238,39.443653,3.684035,0.380659,1.929973,2.636754,-0.134142,0.169979
0.931112,0.06047,2.540677,-0.464034,0.230826,0.792726,72.799348,0.364649,-0.139266,1.161224,0.748367,0.308686,32.790337
1.150314,1.052314,2.139805,0.292533,1.148249,0.677617,80.299192,3.932157,0.334022,-1.607376,-1.883502,0.476018,27.263918
0.5805,-0.518801,-1.962881,-0.853053,2.496886,0.700612,56.848011,2.577709,-0.077469,1.562853,-2.522899,0.380547,9.324068
0.227156,0.874509,-1.790272,0.33423,0.603521,-1.76965,64.228697,0.412439,-0.327555,0.427184,-1.274623,0.157871,6.787336
0.484604,0.89263,-0.785482,-0.062864,0.292271,-0.971545,33.192074,3.564746,0.080789,-0.956742,-0.086785,-0.154421,-3.925019
0.444168,1.047337,0.747382,-0.90474,1.253291,-1.057026,13.38625,1.933357,0.451646,0.651392,1.658882,0.456497,4.887101
0.834429,0.929427,1.484631,1.421061,10.159785,-1.159741,87.082779,0.291031,0.283752,-1.842,2.802977,-0.011939,46.817132
0.725462,0.078579,2.168008,-0.216316,1.0039,-0.020948,24.559405,3.289224,-0.028995,1.841935,-0.22337,0.482309,28.945037
1.268525,-0.381232,-1.22993,0.463585,3.139607,1.775501,56.430938,0.7248,0.412688,-0.380769,2.177155,-0.30485,-8.073633
0.194717,0.022622,2.607869,-1.836411,1.185362,0.324969,56.811746,2.161279,0.279651,-0.032274,1.607146,-0.062172,4.880588
1.139127,1.483684,1.202081,0.320064,0.208927,0.13165,53.479445,0.524751,-0.149747,-0.334095,-2.75783,-0.184223,-3.718346
1.778728,0.373336,-0.326224,-1.019211,0.778356,1.50008,7.51024,2.637423,-0.38494,-0.603031,1.350448,0.445528,-2.256591
3.132866,0.24012,-0.81895,0.283439,0.675427,-0.848173,35.087617,2.324227,-0.223302,1.929033,-0.647196,0.394589,17.765101
1.052788,-0.427467,-2.630577,-0.350633,5.3491,0.343971,22.889793,3.0293,-0.236491,1.955768,-2.84386,-0.049103,17.849622
0.648871,1.556932,1.458968,1.18762,0.846406,-0.116826,97.029701,3.814246,0.456492,0.571576,-2.02503,0.190842,14.133257
0.54731,0.460836,1.825987,-0.698417,0.59356,-1.649253,64.165394,2.017991,-0.448647,1.325636,2.136176,-0.307949,14.367696
0.972843,-0.987699,1.844856,0.935388,1.662098,1.193735,6.700764,2.460013,0.149883,0.509265,-0.894084,0.095738,21.258775
0.467866,-1.142673,2.809181,-1.683061,2.465316,0.738429,49.198526,1.407782,-0.099891,0.377989,1.25419,-0.008155,-2.903316
1.074502,-0.323163,2.318903,0.485051,0.341693,-0.220948,17.405505,2.804452,0.206902,-0.636957,1.952829,-0.17793,4.791863
1.055158,-0.959718,2.914025,0.477601,2.435137,2.767809,81.337244,3.24459,0.350376,-1.64015,-0.912688,-0.188154,45.627502
0.259202,-0.276982,1.927376,-0.106932,3.893992,1.27274,55.269703,0.544076,-0.444655,0.009979,0.471764,0.462139,5.498215
0.18213,-0.991832,-2.586011,-1.140928,1.308694,0.932579,76.2969,2.785748,-0.145574,1.770377,1.316304,-0.380812,15.983143
2.193305,0.064355,-0.719082,-0.51465,2.548214,0.493127,20.820024,1.907508,0.401283,-1.047456,-2.624352,0.401736,0.116886
0.768064,0.268135,2.014268,0.197195,0.34716,-0.471881,30.336654,0.195955,0.353863,-0.757182,-2.513146,0.184024,23.68254
1.065036,-0.385394,1.322699,-1.705977,5.614908,0.328175,71.66495,2.663174,-0.491397,1.345039,2.693091,0.233712,2.555828
2.555087,0.924138,-1.812316,-1.891994,0.66842,1.20834,32.299709,0.08018,-0.266256,1.144692,-2.621997,-0.474445,-9.580908
0.841383,-0.152374,-0.922284,1.021609,0.143955,0.293916,7.281692,1.565476,0.160484,1.276015,-0.947122,0.187824,2.031542
7.147268,-0.242014,-2.39593,-0.340815,2.204909,0.210521,42.076753,2.781366,-0.493986,1.510123,2.510018,-0.135594,24.023151
0.828233,1.47926,1.184797,0.828576,2.697932,-1.741175,88.077987,3.978425,0.305977,-1.019649,-1.8786,-0.144964,25.763731
1.66775,1.288133,2.083379,-1.918639,0.197862,0.066677,25.313235,1.657064,0.357455,-0.081342,1.389011,0.18959,-12.690206
1.671901,0.217836,-2.875065,-1.339517,0.483467,-0.681134,68.766822,2.230881,0.189935,-0.54482,-1.403403,0.238119,-3.168679
0.701175,-0.75256,-2.971554,-1.269338,0.735255,0.580895,50.464186,1.654699,-0.444948,-1.629261,0.770159,0.060734,10.826425
0.924956,-0.403653,-1.598381,-0.460359,0.396624,0.563194,64.663934,2.18898,-0.076062,0.246777,0.198274,0.32096,12.671431
1.565575,0.144734,-0.87016,1.406247,0.254597,1.030896,34.455036,2.767011,-0.048205,0.501139,1.591766,0.081775,-3.870884
0.719877,-0.856026,0.907602,-1.757789,3.477437,0.95485,60.013931,0.986793,0.278226,-1.078459,2.092599,0.176891,21.22544
6.566356,-0.255076,-2.080667,-1.751089,0.911609,0.926553,10.423164,2.822462,0.462584,-0.076625,-1.399431,0.098671,-27.452398
0.460753,1.12759,1.078933,-0.94741,0.865098,1.279743,18.864259,1.952934,-0.445312,-0.855902,2.725688,0.156862,-0.893803
2.642104,-0.599278,-2.119422,-1.678922,2.346948,-0.847245,65.366408,1.885667,0.425025,-1.251438,0.466276,0.097311,-7.419626
2.043772,0.278378,-1.514522,0.931534,1.647096,-0.004866,97.964216,1.485638,-0.061268,1.632996,1.550752,0.104114,22.365214
16.438352,-0.543051,-2.645433,0.537171,1.018348,0.670092,40.333513,0.840861,0.188302,0.575843,1.073876,0.369646,-8.94714
2.131247,0.896306,0.74302,-1.325037,0.836709,0.189569,13.065593,1.097045,-0.387178,-1.576733,-2.11808,-0.275581,9.877998
0.724197,0.438656,0.521541,1.956943,1.200045,0.205935,6.934404,2.240003,0.458366,-1.666576,2.71395,-0.239797,41.034175
0.249521,1.380855,-0.707388,1.529648,0.290849,-0.500413,43.618184,2.587463,-0.148727,-1.233823,-1.99187,0.353878,10.806363
0.53888,0.701938,2.499394,1.894714,8.836528,-0.59007,71.312877,0.662914,-0.456586,0.516248,-1.864181,0.473372,30.349343
3.43275,-0.226795,0.354455,-1.774946,0.477224,0.056779,35.034432,3.729426,-0.288828,1.25057,0.572807,0.066409,-12.895969
1.243329,-1.499944,-0.734169,0.021751,1.556503,-1.755273,82.524348,3.572393,-0.495731,-0.579467,-0.940058,-0.280885,9.643712
1.092281,0.895515,-0.831418,1.595846,0.344835,0.619876,96.931312,0.542231,0.07185,-0.031397,-0.75187,-0.109333,23.211834
1.614254,0.803503,2.80815,1.595144,0.478376,-1.689248,82.040109,2.306409,0.180129,0.375158,-2.092894,-0.028935,39.443227
0.880911,0.103662,-2.055005,-0.836688,0.476277,1.134762,25.0242,1.130582,-0.293872,1.051453,1.740935,0.346576,16.288188
0.846301,-0.349396,-1.51452,1.373785,1.157065,-0.816284,62.162833,1.041213,0.433529,1.824062,-0.539076,-0.160851,23.102609
0.731342,1.004552,-0.149884,-0.578855,1.739729,0.072996,99.612422,0.48131,-0.061499,1.292757,-1.905955,0.280512,16.711916
1.076431,1.116988,-0.914575,0.920273,0.440853,-0.181792,23.196772,2.869087,-0.157181,-0.383468,1.88249,0.165533,-7.221271
6.522754,-1.325188,1.749529,-1.59622,0.244804,0.80859,11.587169,3.281185,-0.298005,1.627728,1.193298,0.385585,2.816499
1.934157,0.011292,2.807039,-0.360878,0.62478,0.790559,8.436253,3.346977,-0.108555,1.03339,0.016337,0.191869,10.931956
1.185948,-0.749573,0.895818,-1.200938,0.407818,-0.232039,99.660686,1.49915,0.174017,-1.549276,1.16851,0.31995,21.132322
1.819404,0.667496,1.974643,-1.651976,8.944138,0.397335,81.213425,2.581606,-0.127117,-0.402535,-1.052875,0.154656,2.414268
1.429214,0.770302,-0.11187,-0.649668,2.081613,-0.823521,25.69984,0.384053,-0.170275,0.700698,-1.393486,-0.247118,7.394083
0.088468,-0.410856,0.655231,0.008844,4.391697,0.808976,52.11832,1.533322,0.419313,-1.429892,2.210523,-0.188593,21.521721
0.465122,-0.270607,0.878015,1.786847,0.075689,-1.861615,6.668421,2.81766,-0.35174,0.992159,2.234499,0.145357,2.57076
0.69146,-0.305713,0.218406,-1.922932,2.686894,0.021673,27.367337,2.387689,-0.053774,-0.137633,-1.172221,0.078216,0.275347
2.783646,0.103989,2.944232,1.112534,1.30108,0.340098,43.698091,3.151803,0.360635,1.994994,-1.637766,-0.397152,45.744695
0.553224,-1.64037,-0.848924,-1.465342,0.938162,-1.381353,11.486545,1.50282,0.059035,0.968683,0.988158,0.059174,-2.288683
0.783832,0.589272,1.656856,0.24788,0.493435,-0.545736,83.789198,2.488423,-0.457497,1.991844,-1.834241,-0.190934,22.653573
0.698894,-0.910801,1.648715,-0.901371,0.597388,-0.678271,47.307289,1.543958,0.026137,-0.956663,1.850174,0.398734,9.553067
1.146156,-0.783243,0.932488,0.151694,0.571705,0.14987,76.940134,1.280598,0.478931,-0.240706,-2.495888,0.055034,22.844995
0.493491,-1.461293,-1.762082,-1.801444,1.010309,0.448407,85.702604,1.71951,0.317193,-0.97603,-2.645635,-0.363833,-23.598586
1.868439,-1.766907,1.388558,0.137726,1.688515,-0.448359,53.877381,0.086612,-0.214163,-1.117226,0.769481,-0.111978,6.596432
7.782697,0.920773,2.000894,-1.375879,0.303135,0.028864,95.418871,2.05577,-0.140129,0.897681,0.665478,-0.354093,8.46946
2.717233,2.582155,2.968334,-1.87656,0.975164,0.307594,40.957045,1.036285,-0.271525,1.442727,-2.99093,0.371807,-13.997991
1.129025,-0.302611,-2.225995,1.968055,0.406676,-1.100375,9.036781,2.460873,0.426483,0.014458,1.554983,0.000949,13.32476
2.47458,-1.752476,1.344917,1.608409,0.706753,-0.398202,86.467178,0.393962,0.109384,-0.275323,-1.686258,-0.253715,39.172662
0.829831,1.200282,-1.413542,1.000692,0.949311,-0.54921,78.764245,1.696133,0.471081,-1.092518,-0.188611,0.242674,7.352522
0.418934,1.664812,-1.678251,-0.627217,2.327172,1.179244,7.457432,0.147813,0.087352,1.637736,1.711633,0.495833,7.000089
0.207912,2.239204,2.82243,-1.48322,3.030681,0.8855,90.254826,0.698264,-0.412006,-0.519407,-0.016506,0.253188,0.976288
0.654919,-0.339453,0.234937,-1.751575,2.238343,1.453667,88.721204,1.669402,-0.422931,-1.427673,1.257457,-0.010719,5.302462
0.273752,0.643488,-2.217325,0.823837,6.102897,-0.844271,60.471583,1.147736,-0.302594,-1.86231,1.340007,-0.499046,38.97876
2.692619,1.013631,-2.549109,-1.646363,0.127279,-0.940841,46.493876,3.933326,0.224349,-1.023228,1.57142,0.324143,-25.702902
0.900447,-1.192896,2.263272,-0.55547,0.487699,-0.313758,9.658813,0.010516,-0.301254,-0.792052,2.054824,-0.252751,5.31944
2.698365,0.462445,1.306036,-1.443843,3.937014,-0.556615,71.897474,3.253941,-0.272437,0.911946,2.214364,-0.268427,17.443518
1.52138,-1.473702,-2.039836,0.732887,1.579201,-1.997428,70.968317,3.611521,-0.233928,-0.568743,1.976074,-0.169345,7.519429
1.273383,1.197635,0.295995,-1.433293,1.992916,0.723015,73.572842,2.638732,0.429649,-1.870466,-1.873681,-0.002424,17.305529
2.781704,0.173128,2.859859,-1.171427,0.860004,1.12765,64.506072,3.685436,0.109567,1.632718,-1.968267,0.084204,26.352784
4.173808,1.561942,-1.071996,-1.089343,1.729926,0.624647,6.32822,3.269202,-0.480384,-0.837929,-1.834486,0.121172,13.061333
0.802466,-0.694616,-2.059079,0.931565,0.827805,-0.480111,92.751312,1.398111,0.090192,-1.739985,1.659422,-0.391082,23.275742
2.919534,-1.16016,2.124415,1.449119,4.196494,-0.691233,22.241613,1.565496,0.111798,1.314076,-2.504984,0.405811,30.649621
1.105502,1.462201,-2.671353,-1.404724,0.806738,-1.958985,34.939034,3.985653,0.398041,-1.461238,-1.204973,0.060655,-20.171342
2.278798,-1.38468,0.535457,-1.818905,0.143523,-0.125229,23.229837,3.944678,-0.443467,-1.589277,-1.925744,0.316988,-12.910035
10.073143,-1.270681,-0.244873,0.594956,3.94263,-0.594981,65.29959,3.366999,0.409726,0.906358,2.735587,0.036366,21.776395
0.528103,0.292469,-0.316717,1.59218,0.903195,0.061611,81.347977,1.675608,0.346296,-1.540854,2.161122,-0.116619,23.515894
0.742646,-0.256063,-2.566284,0.669106,1.426128,1.022287,20.970982,3.260992,0.460244,-1.845371,-2.12979,0.038979,14.969715
0.412734,-0.930164,-1.309376,-1.837595,3.280437,-0.301882,36.986376,3.012639,-0.48855,0.547354,2.542614,-0.137263,-7.478047
0.499564,-1.906563,-1.20584,-1.616244,0.492682,0.14383,37.868651,2.473953,-0.022637,1.648567,1.450817,0.393305,0.15756
0.275838,0.490456,-1.961123,-0.130703,2.07522,-1.055412,39.799287,2.318365,0.293963,-0.462781,2.337341,-0.195818,10.8216
1.745639,0.458274,2.742684,-0.606954,5.045891,1.044643,41.744498,0.456303,0.303228,-1.060021,-2.382768,0.233885,28.018917
0.779668,-1.430115,1.925273,-1.26739,2.354356,0.719833,78.5,0.975873,-0.196873,-0.167247,2.509284,-0.381629,12.529247
0.155178,1.153757,-2.509717,-1.757678,0.306487,0.495499,73.876031,2.435903,0.122916,1.770101,-2.357465,-0.466813,-3.050606
3.783524,-0.501164,-0.056967,-1.743063,0.424465,0.60972,71.828739,1.606637,0.182945,0.426193,1.224495,0.389516,-6.23975
3.313282,0.608187,0.940396,-0.585453,0.686766,-0.793797,95.731411,3.019646,0.185158,1.181807,-0.304372,0.438881,25.899182
0.466865,-1.130654,-0.987119,-1.421971,0.539033,0.537937,57.255659,1.616923,0.409184,0.118122,-1.146689,-0.221766,-16.772596
1.577061,0.627003,-1.784098,0.870983,1.658994,0.860203,54.366822,0.295248,-0.306436,0.181013,-1.410585,-0.485207,16.093482
0.620675,0.483667,-1.820436,1.800386,6.504896,0.988517,0.95154,2.100219,0.041279,0.051167,1.905097,0.285508,26.041935
1.503832,-1.309732,-0.812676,0.650567,2.330317,-0.138751,84.113458,3.113537,-0.055274,-0.470538,1.268153,-0.04496,20.783236
3.182205,-1.20089,-1.079855,-1.566383,2.415899,1.135921,5.538536,1.700444,0.124684,0.081702,2.813677,-0.260253,-16.507165
2.884973,0.848709,0.613676,-0.702532,1.051612,0.959232,48.038644,3.196208,0.000951,-1.076232,-1.081176,-0.317099,14.003617
3.470508,1.01488,1.502006,1.556044,0.367528,-0.752198,48.320214,1.976698,-0.177212,-0.186618,2.726794,-0.12828,6.063754
1.129593,0.480994,-1.144807,-0.610009,0.313852,0.378954,97.503041,2.635607,0.350544,-1.341071,-2.433289,0.177518,2.304673
0.770102,0.948739,-1.52145,-1.900295,0.440082,-0.099889,18.650109,0.672329,-0.381438,-0.963256,0.934482,0.494442,-20.494916
0.351066,1.541713,1.20314,-1.752626,0.406664,-0.20745,4.15281,2.030125,0.035455,-1.629948,2.362479,-0.069532,4.101984
6.230898,1.088138,-1.760128,-0.804443,2.293184,0.977578,21.323649,3.296005,-0.462501,-1.014808,2.838135,-0.168514,22.284294
9.38114,0.424477,-1.179883,1.305615,12.748035,0.197576,46.61041,0.859736,-0.077388,0.195576,-0.1818,-0.060851,11.149113
1.844927,-0.406843,1.732906,0.826279,1.545326,-2.009609,91.842671,2.150564,0.447517,-0.241631,-0.428726,0.183005,39.467772
1.473826,0.202688,0.381943,0.31516,0.936564,0.875152,47.025866,1.583249,0.286047,-1.800245,-2.874245,0.28167,20.62247
1.227043,-2.137441,-1.595378,-1.580135,1.792641,-0.912837,83.74409,2.923865,0.000387,-1.270978,2.67339,-0.472969,3.242917
0.745734,-0.436948,-1.602116,0.184493,4.879395,1.629141,3.290891,1.943628,-0.433097,1.646257,-2.601198,0.474072,17.53366
0.912859,0.573236,2.876306,-1.940342,2.136555,-1.737286,74.814551,0.783538,-0.268421,1.732713,0.819186,-0.462632,5.629324
0.282549,0.293009,0.309273,0.637054,2.109645,-0.712091,59.077276,2.481042,0.149394,0.359362,1.970575,0.41368,8.28516
0.308061,-1.309565,1.362757,-1.900877,0.680414,-1.321858,92.964454,3.930615,-0.12058,1.391063,0.581922,0.229027,-0.563214
1.034524,0.052767,-2.250576,-1.756116,0.431624,1.81966,85.956182,1.334027,0.414006,-1.644412,1.55119,-0.375198,3.271479
2.514587,0.763083,-1.444661,1.471614,1.029709,-0.977362,33.442655,3.50741,-0.236425,1.360404,-2.982692,0.030238,20.042806
0.230743,-0.281401,1.037513,0.416175,2.63817,-0.26051,36.132394,1.658745,0.043686,1.981814,0.701294,-0.220873,9.940181
4.78433,0.199673,-1.564782,-1.758577,0.172098,0.271931,21.635795,2.003926,-0.023733,-1.167751,2.772605,-0.315466,-19.968195
0.960311,1.036067,0.194964,0.432832,0.719047,-1.047424,18.138364,0.113557,-0.354695,-0.177965,-1.620337,0.003274,3.32886
1.663108,1.42423,-1.353652,-0.475621,0.966575,-0.24726,61.751476,2.391903,-0.271369,-1.668787,-2.213734,-0.300515,35.035789
0.560587,-0.711107,-2.024772,-1.659101,0.297535,0.272292,35.060946,3.47515,-0.488722,1.526819,-0.647238,0.168548,9.828153
1.070196,0.510946,2.787876,-1.079612,0.512747,-1.281465,39.544163,1.148983,0.182817,-0.225876,0.951671,-0.358244,3.098221
0.743683,-1.293369,2.815076,-1.282297,1.146903,0.070422,5.884094,1.771193,0.012718,-1.813294,1.84466,0.146061,14.137506
0.355221,-0.010907,2.414774,-0.961895,1.021225,0.579938,10.186688,0.430015,-0.140716,1.703091,0.559373,-0.281282,18.972039
0.676195,-1.509885,1.990843,0.782893,0.514949,0.641307,22.725475,3.943685,0.107376,-0.878663,-2.998677,0.315625,2.542872
0.329102,0.33203,1.939091,0.351388,0.86599,0.262929,90.487861,2.119146,0.072845,-1.677465,0.99144,-0.237276,31.356981
3.842633,-0.148435,-1.198848,-1.199806,1.006577,0.452479,6.188083,3.78728,-0.17445,0.611223,-0.404128,-0.435374,-7.273595
0.124663,-2.326588,-1.284175,0.729133,1.619118,0.082176,56.831923,0.074859,-0.07561,1.6729,-0.511617,-0.105695,15.751494
0.637613,-1.602673,-1.839306,-1.117398,1.792432,0.242189,80.283455,3.185489,0.328135,-0.998649,-2.986292,-0.208792,9.016547
2.237112,-0.817312,0.884718,-1.312045,0.283473,0.683564,22.882954,0.311869,-0.384553,-0.978665,1.725163,0.109579,-6.818581
0.909752,0.7319,2.431881,-1.635258,2.397231,-0.03682,80.667981,2.774989,-0.15126,-1.489785,0.287748,-0.117258,2.353872
1.815862,-1.150335,1.864725,1.640786,1.121562,0.791706,3.882235,3.288972,-0.060663,-1.250788,0.547089,0.390128,26.164815
5.845608,-0.712789,0.776585,-0.222805,7.202487,0.235836,59.665157,1.170915,0.278087,0.934187,0.702735,0.414183,22.914256
0.34593,-0.175156,-1.847413,-1.385531,0.920775,0.204949,95.278639,0.635221,0.182534,-1.476595,1.700995,-0.117329,0.520247
22.406434,1.679402,-1.00111,0.461232,0.891306,1.269328,70.219061,3.32498,0.431606,-1.692743,2.214504,0.317966,22.568664
0.181988,-1.141819,-1.024966,1.980704,2.493049,-1.427756,45.763679,3.318107,-0.353812,1.00781,2.325668,0.290232,28.920741
2.83179,-0.169124,-0.13962,-0.570489,3.188101,0.513608,8.060223,2.547391,-0.122186,-0.259218,1.975736,-0.484959,7.385261
0.320877,-0.208921,2.661455,0.682804,0.509364,0.773272,3.283616,1.568476,0.207622,1.105844,-0.002825,0.101664,13.797479
0.593599,-1.133277,0.975149,-1.142785,5.231077,-0.287834,14.810876,3.220934,0.291279,1.855981,-0.222153,-0.240217,32.466025
0.56473,0.769593,-0.39198,-1.555934,3.202036,-0.175066,42.919562,1.361903,-0.321404,-1.913972,2.722207,-0.010978,19.460156
1.044704,-0.233773,-1.884292,-0.952131,2.56816,1.003104,25.313382,0.976345,-0.266207,-1.219366,-2.969698,0.019265,16.240793
1.735654,2.851979,0.789401,-1.42245,0.284989,0.502106,31.709335,0.457818,0.461992,0.821533,0.43259,-0.46782,0.310863
0.838939,0.404111,1.598128,0.786974,0.125551,0.411505,25.622226,2.620963,-0.031425,-0.529342,0.769496,-0.195359,-0.898216
0.506775,1.436706,-1.836783,1.899323,1.688999,-1.200806,77.623038,1.644194,-0.420104,-1.22139,-0.681187,-0.160109,25.607432
0.331361,-0.852339,1.815602,-0.614457,0.161242,-1.015367,48.630505,3.586047,-0.254563,1.625383,-1.695236,-0.470467,-6.894188
1.507075,0.423173,0.292655,0.538726,0.660736,-1.83318,90.05743,0.039473,0.340043,0.31597,0.109207,0.254411,11.203393
1.465338,-1.124512,-0.68715,1.659379,0.636604,0.597554,35.887557,0.103753,0.39735,-1.705147,-1.546972,-0.313135,16.867716
1.254919,-1.534292,1.449389,1.644279,2.748571,-2.134735,11.762434,2.353876,-0.26194,-1.114481,2.730338,-0.271692,34.760035
0.645825,1.42504,-1.481269,0.1178,0.342515,-0.703464,76.271008,1.493887,-0.428592,-1.328289,2.132694,0.244805,18.11566
1.77841,0.199225,0.99846,-1.397499,2.67598,0.674504,68.705546,3.3872,-0.157729,1.438552,-0.47397,-0.222321,25.328601
0.78714,0.105437,2.21145,-0.976501,10.839852,-0.437819,58.171368,1.110729,0.256416,0.828316,0.248808,-0.257252,27.161106
0.423396,-0.645928,2.609337,1.205901,1.759243,0.173913,18.788975,0.154557,0.448618,0.65573,-0.053818,-0.172242,28.469559
0.586591,0.829881,-2.902702,-0.189067,2.593345,-0.374862,77.944142,0.425041,0.175538,1.300808,-2.500551,-0.294101,9.157514
0.329546,-0.378291,0.262088,-0.28475,1.59258,0.114721,97.944676,3.383742,0.096114,-0.453829,-1.970788,-0.42454,24.652183
1.623465,-0.802694,1.518443,0.607489,1.161786,1.127478,74.547426,2.945365,-0.401172,-0.870228,-2.344143,-0.414614,5.372023
1.844437,0.269923,-2.507312,-0.387262,0.283311,-0.561714,10.068076,0.890649,0.145718,0.796705,2.887442,0.001309,-14.926221
1.636124,-2.001804,-0.440463,-1.940779,2.430022,-0.480252,7.516568,3.06813,0.417453,-0.71811,0.483984,-0.348122,-9.17843
1.981294,1.577782,-0.924116,-0.120609,1.793701,0.793225,23.299407,3.55777,-0.224179,-1.342994,-2.859741,0.125415,16.607696
0.296946,1.758704,-0.740016,0.977706,0.487789,0.278623,18.911479,3.660139,-0.379237,-0.495531,-1.499343,-0.482463,-6.60714
0.370696,-0.698185,-0.653322,-1.893765,0.628146,1.52349,48.50567,2.802576,-0.253544,-0.697838,-2.285572,-0.494763,-20.415994
0.238,0.489497,2.659649,0.679843,2.477452,-0.02942,93.877181,0.911457,0.329001,-1.600076,0.197318,0.007451,35.285142
1.99038,0.933518,0.384186,0.670442,2.335638,-1.812532,59.512824,3.100265,-0.259147,-0.96781,-2.597459,0.15005,5.531154
0.627202,-0.592643,1.982613,-0.599135,0.672329,-1.426874,88.320842,0.201407,0.072435,1.414577,1.842155,-0.029591,25.812014
0.682262,0.661075,1.275026,0.319216,0.090624,0.787824,50.3883,2.346796,0.452236,1.340911,-1.123991,-0.454955,14.279726
0.352716,0.076296,0.499481,-1.606603,0.853224,0.299071,10.823214,0.36924,-0.10842,-1.519027,-2.694,-0.341754,10.789108
